Rank,County/state,Income threshold of top 1%
1,"Teton, WY",2216883
2,"New York, NY",1424582
3,"Fairfield, CT",1390965
4,"Mckenzie, ND",1381080
5,"Summit, UT",1206863
6,"Westchester, NY",1184603
7,"Pitkin, CO",1144624
8,"Marin, CA",1134183
9,"San Mateo, CA",1128182
10,"Williams, ND",1066541
11,"Mountrail, ND",1031455
12,"Goochland, VA",1021805
13,"Santa Clara, CA",979198
14,"Union, SD",963384
15,"Collier, FL",959229
16,"Somerset, NJ",956207
17,"Karnes, TX",948752
18,"Kendall, TX",929243
19,"Morris, NJ",914465
20,"Norfolk, MA",911597
21,"Dunn, ND",910131
22,"Williamson, TN",908206
23,"Lake, IL",896371
24,"San Francisco, CA",894792
25,"Midland, TX",892217
26,"Ozaukee, WI",867851
27,"Nassau, NY",850694
28,"Falls Church City, VA",840753
29,"De Witt, TX",838196
30,"Hemphill, TX",810012
31,"Middlesex, MA",797539
32,"Bergen, NJ",795165
33,"Blaine, ID",792410
34,"Hunterdon, NJ",790664
35,"Monroe, FL",773711
36,"Fairfax, VA",769142
37,"Nantucket, MA",757427
38,"Montgomery, PA",751748
39,"Boone, IN",746284
40,"Fulton, GA",742437
41,"Chester, PA",740248
42,"Montgomery, MD",737775
43,"Hamilton, IN",735386
44,"Montgomery, TX",727171
45,"Lincoln, SD",721194
46,"Douglas, CO",707449
47,"La Salle, TX",704185
48,"Essex, NJ",699224
49,"St Johns, FL",694529
50,"Bristol, RI",691752
51,"Boulder, CO",683648
52,"Delaware, OH",683310
53,"Monmouth, NJ",683105
54,"King, WA",680801
55,"Eagle, CO",680688
56,"Arlington, VA",677996
57,"Palm Beach, FL",677560
58,"Albemarle, VA",677292
59,"Martin, FL",675559
60,"Divide, ND",675077
61,"Stark, ND",674032
62,"San Miguel, CO",670206
63,"Johnson, KS",669398
64,"San Juan, WA",665650
65,"Fort Bend, TX",661819
66,"Carver, MN",658360
67,"Contra Costa, CA",657918
68,"Mercer, NJ",645399
69,"Alfalfa, OK",644514
70,"Du Page, IL",642107
71,"Benton, AR",641936
72,"Hennepin, MN",641162
73,"Collin, TX",639441
74,"Travis, TX",638215
75,"Geauga, OH",632030
76,"Martin, TX",631355
77,"Union, NJ",628866
78,"Oconee, GA",628137
79,"Orange, NC",624718
80,"Alexandria City, VA",624198
81,"Loudoun, VA",622975
82,"Indian River, FL",617382
83,"Routt, CO",616365
84,"Dallas, IA",612406
85,"St Louis, MO",608753
86,"Oakland, MI",603270
87,"Harris, TX",602494
88,"Sublette, WY",599146
89,"Oldham, KY",597937
90,"Bucks, PA",595563
91,"Suffolk, MA",595338
92,"Howard, MD",594031
93,"Waukesha, WI",592949
94,"Madison, MS",587529
95,"Shackelford, TX",584175
96,"Orange, CA",583022
97,"Roger Mills, OK",581826
98,"Richland, MT",580144
99,"Fauquier, VA",578079
100,"Rockland, NY",577337
101,"Suffolk, NY",576043
102,"Dukes, MA",571352
103,"District of Columbia, DC",565074
104,"Lipscomb, TX",563142
105,"Rappahannock, VA",559814
106,"Talbot, MD",559658
107,"Essex, MA",558747
108,"Delaware, PA",555878
109,"Douglas, NV",553891
110,"Napa, CA",552799
111,"Live Oak, TX",551265
112,"Walton, FL",551064
113,"Rockwall, TX",548073
114,"Washington, MN",546445
115,"Summit, CO",545931
116,"Denver, CO",544587
117,"Ochiltree, TX",540897
118,"Reagan, TX",540646
119,"Forsyth, GA",540419
120,"Plymouth, MA",540054
121,"Mecklenburg, NC",538569
122,"Wheeler, TX",538458
123,"Comal, TX",537542
124,"Scott, MN",532060
125,"Arapahoe, CO",529937
126,"Greene, GA",528178
127,"Fallon, MT",522637
128,"Rockingham, NH",519210
129,"Grafton, NH",518289
130,"James City, VA",516995
131,"Putnam, NY",516285
132,"Beaufort, SC",514068
133,"Charlottesville City, VA",513437
134,"Cass, ND",513340
135,"Alameda, CA",512906
136,"Sarasota, FL",511925
137,"Dallas, TX",511728
138,"Woods, OK",509224
139,"Charleston, SC",509126
140,"Cook, IL",508193
141,"Morgan, UT",505909
142,"Saratoga, NY",505353
143,"Monroe, OH",504775
144,"Park, WY",502705
145,"Natrona, WY",501785
146,"Fayette, GA",500729
147,"Gillespie, TX",499989
148,"Santa Barbara, CA",499025
149,"Wasatch, UT",498967
150,"Burleigh, ND",496742
151,"Parker, TX",496566
152,"Lafayette, LA",496220
153,"Austin, TX",495867
154,"Fairfax City, VA",493677
155,"Ventura, CA",491927
156,"Denton, TX",490650
157,"Santa Cruz, CA",487982
158,"Anchorage, AK",487626
159,"Gonzales, TX",486820
160,"Union, NC",485335
161,"Los Angeles, CA",485197
162,"Tulsa, OK",484383
163,"Wake, NC",483674
164,"Broomfield, CO",483026
165,"Hettinger, ND",482744
166,"Douglas, NE",482554
167,"Bowman, ND",481682
168,"Ellis, OK",481416
169,"Grant, OK",481015
170,"Washtenaw, MI",480990
171,"Anne Arundel, MD",479310
172,"Chatham, NC",478135
173,"Clackamas, OR",477498
174,"El Dorado, CA",476685
175,"Cobb, GA",473158
176,"Warren, OH",472505
177,"Santa Fe, NM",472090
178,"St Tammany, LA",472048
179,"Newport, RI",471552
180,"Hartley, TX",471296
181,"Shelby, AL",469120
182,"San Diego, CA",468862
183,"Lee, FL",468704
184,"Platte, MO",467694
185,"Foster, ND",466958
186,"Baltimore, MD",466581
187,"Washington, RI",465922
188,"Campbell, WY",464607
189,"Hamilton, OH",464467
190,"Hartford, CT",463715
191,"Beckham, OK",461538
192,"Clarke, VA",461467
193,"Miami-Dade, FL",459527
194,"Chittenden, VT",459225
195,"Dane, WI",459153
196,"Stanton, KS",459073
197,"Cumberland, ME",457913
198,"Renville, ND",457661
199,"Middlesex, CT",457552
200,"Sheridan, KS",456589
201,"Lexington City, VA",456529
202,"La Plata, CO",455399
203,"Leelanau, MI",454256
204,"Warrick, IN",453871
205,"Nassau, FL",453411
206,"Jefferson, CO",450309
207,"Edmunds, SD",450251
208,"Washoe, NV",450027
209,"Blanco, TX",449313
210,"Galveston, TX",447870
211,"Carroll, NH",446821
212,"Elbert, CO",446412
213,"Kearney, NE",446009
214,"Potter, SD",445647
215,"Davidson, TN",444803
216,"Richmond City, VA",443842
217,"Oklahoma, OK",443504
218,"Litchfield, CT",442779
219,"Andrews, TX",442728
220,"Tarrant, TX",442079
221,"Hamilton, NE",441798
222,"Lavaca, TX",439600
223,"Dakota, MN",439228
224,"Burnet, TX",439209
225,"New Haven, CT",438699
226,"New Kent, VA",438591
227,"Ada, ID",438077
228,"Sheridan, WY",437914
229,"Ward, ND",435949
230,"Queen Annes, MD",435274
231,"Bottineau, ND",435227
232,"Henrico, VA",435097
233,"Cheyenne, NE",433842
234,"Olmsted, MN",433241
235,"Allegheny, PA",433179
236,"Dickinson, IA",432758
237,"Victoria, TX",432404
238,"Upton, TX",431764
239,"Iredell, NC",431465
240,"Woodward, OK",431210
241,"Broward, FL",431140
242,"Hillsborough, NH",431134
243,"Garfield, CO",430325
244,"Placer, CA",430106
245,"Kane, IL",430065
246,"Jefferson, AL",428570
247,"Gallatin, MT",428558
248,"Cavalier, ND",426858
249,"Burlington, NJ",426809
250,"Middlesex, NJ",425968
251,"Poquoson City, VA",425081
252,"Plaquemines, LA",423408
253,"Clear Creek, CO",423093
254,"Butler, PA",422927
255,"Shelby, TN",422557
256,"Ouray, CO",422445
257,"West Feliciana, LA",422324
258,"Dubois, IN",421386
259,"Barnstable, MA",421086
260,"East Baton Rouge, LA",420718
261,"Orleans, LA",420230
262,"Pulaski, AR",418534
263,"Kent, MD",418215
264,"McHenry, IL",416446
265,"Washington, PA",416375
266,"Phelps, NE",415462
267,"Brown, SD",414641
268,"Washington, OR",414051
269,"Throckmorton, TX",413743
270,"Burke, ND",413371
271,"Stanley, SD",413355
272,"Steele, ND",413156
273,"Midland, MI",413055
274,"Ramsey, MN",412489
275,"Barber, KS",412419
276,"Gray, KS",411626
277,"Sioux, IA",411156
278,"Hudson, NJ",410706
279,"Polk, IA",409842
280,"Meade, KS",409734
281,"Sussex, NJ",409629
282,"Montour, PA",409561
283,"Salt Lake, UT",409502
284,"Minnehaha, SD",408758
285,"Lamoille, VT",408555
286,"Manatee, FL",408368
287,"Peoria, IL",408058
288,"New Castle, DE",407594
289,"Sonoma, CA",407242
290,"Will, IL",407193
291,"Custer, CO",406558
292,"Haskell, KS",405580
293,"Multnomah, OR",405526
294,"Marshall, SD",404857
295,"Stevens, KS",404670
296,"Kent, MI",403843
297,"Seward, NE",403726
298,"Deschutes, OR",403486
299,"Worcester, MA",403477
300,"Seminole, FL",403051
301,"Johnson, IA",402993
302,"Washington, NE",402759
303,"Washington, TX",402665
304,"Emmet, MI",402391
305,"Cheyenne, CO",402193
306,"Fayette, TN",401996
307,"Waller, TX",401017
308,"Fayette, TX",400979
309,"Kerr, TX",400204
310,"Belknap, NH",399867
311,"San Luis Obispo, CA",399690
312,"Woodford, IL",399682
313,"Dutchess, NY",399618
314,"Larimer, CO",399034
315,"Hanson, SD",398071
316,"Kingfisher, OK",397915
317,"Grand Forks, ND",397540
318,"De Kalb, GA",397231
319,"Thayer, NE",396881
320,"Grand Traverse, MI",396423
321,"Livingston, MI",396155
322,"Scott, KS",395929
323,"Wilkin, MN",393950
324,"Scott, IA",393667
325,"Jessamine, KY",393664
326,"Winchester City, VA",393613
327,"Maricopa, AZ",393426
328,"Hays, TX",393302
329,"Tolland, CT",393063
330,"Knox, TN",392817
331,"Morton, ND",392655
332,"Pembina, ND",392510
333,"Monterey, CA",392470
334,"Chase, NE",392044
335,"Kenton, KY",391589
336,"Floyd, IN",391514
337,"Brown, WI",390882
338,"Hillsborough, FL",389683
339,"Chesterfield, VA",389509
340,"Sedgwick, KS",389423
341,"York, NE",389322
342,"Hood, TX",389283
343,"Utah, UT",389095
344,"Spink, SD",388909
345,"Sumter, FL",388778
346,"Lafayette, MS",388408
347,"Albany, NY",387823
348,"Kalamazoo, MI",387703
349,"Yellowstone, MT",386900
350,"Smith, TX",386824
351,"St Croix, WI",386401
352,"Virginia Beach City, VA",386082
353,"Forsyth, NC",385366
354,"Young, TX",385315
355,"Lake, SD",384860
356,"Hansford, TX",384776
357,"Ascension, LA",384669
358,"Ottawa, MI",384383
359,"Orange, FL",384097
360,"New Hanover, NC",383973
361,"Mcclain, OK",383892
362,"Phillips, CO",383866
363,"Lafourche, LA",383056
364,"Tom Green, TX",382981
365,"Codington, SD",382751
366,"Hamilton, TN",381868
367,"Hanover, VA",381565
368,"Monongalia, WV",381485
369,"Converse, WY",381290
370,"Fayette, KY",381017
371,"Powhatan, VA",380768
372,"Pennington, SD",380323
373,"Clark, WA",380200
374,"Union, OH",380036
375,"Fredericksburg City, VA",380006
376,"Grundy, IA",379781
377,"Washington, WI",379717
378,"Chelan, WA",379615
379,"Ward, TX",379284
380,"Charlevoix, MI",378862
381,"Fillmore, NE",378561
382,"Williamsburg City, VA",378464
383,"Eddy, NM",378063
384,"Dickey, ND",377836
385,"Cuyahoga, OH",377004
386,"Walworth, WI",376663
387,"Brazoria, TX",376567
388,"Los Alamos, NM",376485
389,"Kent, RI",376422
390,"Pinellas, FL",376405
391,"Gunnison, CO",376256
392,"Lawrence, SD",375952
393,"Frederick, MD",375737
394,"Monroe, IL",375423
395,"Woodford, KY",375200
396,"Madison, AL",375130
397,"Greenville, SC",374866
398,"Gove, KS",374593
399,"Guilford, NC",374570
400,"Gregg, TX",374117
401,"Aransas, TX",373934
402,"Terrebonne, LA",373460
403,"Richland, ND",373087
404,"Clark, NV",373064
405,"Davis, UT",372765
406,"Medina, OH",372760
407,"Cumberland, PA",372542
408,"Ness, KS",372382
409,"New London, CT",371877
410,"Sutton, TX",371788
411,"Grand, CO",371482
412,"Williamson, TX",370866
413,"Georgetown, SC",370685
414,"Garfield, OK",370620
415,"Orange, NY",370485
416,"Jefferson, KY",370471
417,"Columbia, GA",370452
418,"Buffalo, NE",370113
419,"Prince William, VA",369720
420,"Porter, IN",369161
421,"Lamoure, ND",369069
422,"Lincoln, WY",368835
423,"Merrimack, NH",368780
424,"Wells, ND",367942
425,"Missoula, MT",367873
426,"Adams, NE",367590
427,"Llano, TX",367353
428,"Cherokee, GA",366889
429,"Grand Isle, VT",366778
430,"Moore, NC",366693
431,"Yolo, CA",366454
432,"Humboldt, IA",366443
433,"Franklin, OH",366328
434,"Nemaha, KS",366309
435,"Sheridan, MT",365694
436,"Butler, KS",365098
437,"Mclean, IL",365076
438,"Kossuth, IA",364717
439,"Traill, ND",364440
440,"Calvert, MD",364325
441,"Northampton, PA",364242
442,"Columbia, NY",364207
443,"Archer, TX",363935
444,"Summit, OH",363548
445,"Beaver, OK",362978
446,"Boone, MO",362855
447,"Lehigh, PA",362801
448,"Kearny, KS",362793
449,"Lamar, MS",362582
450,"Chambers, TX",361750
451,"Lea, NM",361519
452,"Outagamie, WI",361518
453,"Yuma, CO",361218
454,"Baldwin, AL",361009
455,"Bexar, TX",360962
456,"Hand, SD",360813
457,"Ketchikan Gateway, AK",360438
458,"Bennington, VT",360110
459,"Yoakum, TX",360056
460,"Harper, KS",360038
461,"Ector, TX",360025
462,"Canadian, OK",359999
463,"Cameron, LA",359771
464,"Plymouth, IA",359052
465,"Ida, IA",358963
466,"Davie, NC",358701
467,"Cleveland, OK",358563
468,"Dewey, OK",358327
469,"Camden, NJ",358164
470,"Archuleta, CO",357979
471,"Johnson, IN",357723
472,"St Charles, MO",357690
473,"York, VA",357599
474,"Garza, TX",357452
475,"Ohio, WV",357321
476,"Brazos, TX",357305
477,"Carroll, MD",356662
478,"Perkins, NE",356379
479,"Ramsey, ND",356176
480,"Rogers, OK",356071
481,"Hoonah-Angoon Census Area, AK",355899
482,"Cooke, TX",355772
483,"Lancaster, VA",355582
484,"Sumner, TN",355486
485,"Lancaster, NE",355345
486,"Thomas, KS",355230
487,"Linn, IA",354914
488,"Bonneville, ID",354791
489,"Uinta, WY",354226
490,"Johnson, WY",354183
491,"Juneau, AK",354168
492,"Ontario, NY",354005
493,"Scurry, TX",353746
494,"Roanoke, VA",353714
495,"Shelby, KY",353408
496,"Bartholomew, IN",353373
497,"Durham, NC",353151
498,"Washington, AR",353085
499,"Randall, TX",352974
500,"Morgan, GA",352432
501,"Renville, MN",352148
502,"Passaic, NJ",352001
503,"Sherman, TX",351319
504,"Valley, ID",351298
505,"Kenai Peninsula, AK",351163
506,"Washington, OK",351079
507,"Dubuque, IA",350743
508,"Carter, OK",350328
509,"Buncombe, NC",350294
510,"Ellis, KS",350242
511,"Effingham, IL",350220
512,"Colorado, TX",349888
513,"Traverse, MN",349846
514,"Benton, OR",349841
515,"Anoka, MN",349758
516,"Stutsman, ND",349688
517,"Jefferson, LA",349542
518,"Kitsap, WA",349384
519,"Boone, NE",348929
520,"Logan, OK",348747
521,"Hampshire, MA",348640
522,"Roseau, MN",348180
523,"Howard, TX",348022
524,"Douglas, KS",347743
525,"Eau Claire, WI",347503
526,"Stearns, MN",347232
527,"Washakie, WY",347172
528,"Sitka, AK",347147
529,"Sangamon, IL",346813
530,"Flathead, MT",346807
531,"Finney, KS",346723
532,"Douglas, MN",346270
533,"Carroll, IA",346148
534,"Atascosa, TX",346026
535,"Lubbock, TX",345891
536,"Goliad, TX",345696
537,"Duchesne, UT",345621
538,"Caddo, LA",345259
539,"McCook, SD",344870
540,"Major, OK",344822
541,"Gwinnett, GA",344406
542,"Stevens, MN",344276
543,"Campbell, KY",344016
544,"Dundy, NE",344015
545,"Kings, NY",343517
546,"Franklin, FL",343398
547,"Boone, KY",343168
548,"Pratt, KS",342837
549,"Tompkins, NY",342830
550,"Chatham, GA",342516
551,"Cape Girardeau, MO",342479
552,"Boone, IL",342432
553,"Valdez Cordova, AK",342346
554,"Honolulu, HI",342224
555,"York, SC",342103
556,"Dawson, TX",342075
557,"Snohomish, WA",341931
558,"Harford, MD",341834
559,"Union, AR",341700
560,"Weld, CO",341585
561,"Cabarrus, NC",341402
562,"Allen, IN",340948
563,"Davison, SD",340852
564,"McCracken, KY",340650
565,"Sargent, ND",340572
566,"Crook, WY",339802
567,"Uintah, UT",339263
568,"Jefferson, NE",339255
569,"Antelope, NE",339044
570,"Bandera, TX",338621
571,"Hall, NE",338521
572,"Grant, MN",338384
573,"Worcester, MD",338314
574,"Clay, NE",338053
575,"Stafford, VA",337927
576,"Okaloosa, FL",337701
577,"Shelby, IA",337667
578,"Cheshire, NH",337436
579,"Clark, SD",337322
580,"Saunders, NE",337304
581,"Monroe, GA",337241
582,"Wright, MN",337163
583,"Custer, OK",336962
584,"Richmond, NY",336796
585,"Wichita, KS",336523
586,"Greene, OH",336429
587,"Jim Wells, TX",336122
588,"Nevada, CA",335978
589,"Hood River, OR",335822
590,"Flagler, FL",335712
591,"Berkshire, MA",335639
592,"Glynn, GA",335604
593,"Story, IA",335446
594,"Sweetwater, WY",335163
595,"La Crosse, WI",334749
596,"Dare, NC",334646
597,"Loudon, TN",334457
598,"Richland, SC",334120
599,"Windsor, VT",334035
600,"Hancock, OH",333944
601,"Rawlins, KS",333648
602,"Whatcom, WA",333295
603,"Hancock, IN",333267
604,"Nicollet, MN",333076
605,"Wilson, TX",332918
606,"Lancaster, PA",332821
607,"Harris, GA",332804
608,"Monroe, NY",332645
609,"Stephens, OK",332375
610,"Lac Qui Parle, MN",332153
611,"Duval, FL",331841
612,"Cass, NE",331753
613,"Belmont, OH",331618
614,"Nueces, TX",331613
615,"Island, WA",331459
616,"Champaign, IL",331294
617,"Douglas, SD",331219
618,"Miami, KS",331134
619,"Hendricks, IN",331064
620,"Fairbanks North Star, AK",330987
621,"Clay, IA",330892
622,"Brookings, SD",330720
623,"Kandiyohi, MN",329921
624,"Clermont, OH",329839
625,"Hall, GA",329817
626,"Jack, TX",329723
627,"Griggs, ND",329571
628,"Calumet, WI",329527
629,"Door, WI",329381
630,"Winnebago, WI",329378
631,"Nelson, VA",329005
632,"Wise, TX",328793
633,"Hamlin, SD",328789
634,"Walsh, ND",328786
635,"Pawnee, NE",328752
636,"Lyon, MN",328735
637,"Yankton, SD",328682
638,"Matanuska Susitna, AK",328236
639,"Isle of Wight, VA",328010
640,"Washington, VT",327731
641,"Martin, MN",327601
642,"Alachua, FL",327578
643,"Mason, TX",327492
644,"Gloucester, NJ",327292
645,"El Paso, CO",326984
646,"Castro, TX",326503
647,"Marathon, WI",326323
648,"Barnes, ND",326186
649,"Cuming, NE",326141
650,"Lee, TX",326098
651,"Knox, ME",325969
652,"Benton, WA",325792
653,"Centre, PA",325735
654,"Clinton, MI",325614
655,"Jefferson, WA",325609
656,"San Benito, CA",325303
657,"Audubon, IA",325158
658,"Onondaga, NY",324808
659,"St Charles, LA",324329
660,"Carbon, MT",324145
661,"Bremer, IA",324115
662,"Cape May, NJ",324055
663,"Berrien, MI",323930
664,"Sarpy, NE",323892
665,"Tuscaloosa, AL",323766
666,"Sweet Grass, MT",323623
667,"Warren, NJ",323549
668,"Laramie, WY",323447
669,"Bristol, MA",323436
670,"Barton, KS",323191
671,"Kosciusko, IN",322991
672,"Wilson, TN",322774
673,"Sussex, DE",322568
674,"Monroe, IN",322442
675,"Rice, MN",322348
676,"Catawba, NC",322243
677,"Mills, IA",321937
678,"Leon, FL",321824
679,"Washington, UT",321583
680,"Spotsylvania, VA",321417
681,"Bedford, VA",321386
682,"Somervell, TX",321307
683,"Goodhue, MN",321217
684,"St Joseph, IN",321045
685,"Lincoln, NC",321038
686,"Montgomery, AL",320291
687,"Ocean, NJ",319828
688,"Antrim, MI",319723
689,"Madison, MT",319665
690,"Faulk, SD",319554
691,"Susquehanna, PA",319183
692,"Skagit, WA",318859
693,"Aleutians West, AK",318828
694,"Houston, AL",318797
695,"Jefferson, IA",318782
696,"Warren, IA",318762
697,"Nelson, ND",318374
698,"Walworth, SD",318162
699,"Sullivan, NH",317849
700,"Frio, TX",317584
701,"Madison, OH",317483
702,"Dauphin, PA",317373
703,"Kingsbury, SD",317270
704,"Mitchell, KS",316974
705,"Lincoln, ME",316803
706,"Kanawha, WV",316427
707,"Kit Carson, CO",316333
708,"Gray, TX",315933
709,"Putnam, WV",315699
710,"Union, PA",315563
711,"St Marys, MD",315157
712,"Edwards, KS",315043
713,"Lane, KS",315008
714,"Suffolk City, VA",314994
715,"Kendall, IL",314759
716,"Ouachita, LA",314551
717,"Marion, IN",314521
718,"Petersburg Census Area, AK",314296
719,"Madison, NE",314229
720,"Aurora, SD",314145
721,"Noble, OH",314111
722,"Tippecanoe, IN",314056
723,"Wood, OH",313535
724,"Saline, KS",313492
725,"Piatt, IL",313016
726,"Hamilton, TX",312291
727,"Cerro Gordo, IA",312285
728,"Hughes, SD",312234
729,"Madison, TN",311816
730,"Warren, NY",311739
731,"Fremont, IA",311690
732,"Craighead, AR",311494
733,"Kodiak Island, AK",311396
734,"Guthrie, IA",311381
735,"Jefferson, TX",311321
736,"Greene, MO",311275
737,"Colusa, CA",311241
738,"Pierce, WA",311152
739,"Addison, VT",310995
740,"Racine, WI",310931
741,"Iberia, LA",310794
742,"Westmoreland, PA",310588
743,"Madison, TX",310447
744,"Blue Earth, MN",310440
745,"Franklin, IA",310395
746,"Elkhart, IN",310117
747,"McPherson, KS",309825
748,"Erie, NY",309457
749,"Sherburne, MN",309314
750,"Berks, PA",309209
751,"Rapides, LA",308645
752,"Walla Walla, WA",308554
753,"Mclean, ND",308495
754,"Strafford, NH",308389
755,"Ingham, MI",308121
756,"Wharton, TX",308076
757,"Butler, OH",308042
758,"Chisago, MN",307934
759,"Tazewell, IL",307838
760,"Yamhill, OR",307795
761,"Greene, PA",307766
762,"Grant, SD",307567
763,"Beadle, SD",307439
764,"Cedar, NE",307281
765,"Brevard, FL",307141
766,"Santa Rosa, FL",306913
767,"Botetourt, VA",306874
768,"Montague, TX",306788
769,"Dawson, GA",306761
770,"Lincoln, LA",306596
771,"Jeff Davis, TX",306487
772,"Taylor, TX",306338
773,"Platte, NE",306118
774,"Oneida, WI",306087
775,"San Patricio, TX",305718
776,"Frederick, VA",305709
777,"Kootenai, ID",305572
778,"Fremont, WY",305459
779,"Lee, GA",305422
780,"Grimes, TX",305110
781,"Comanche, KS",304758
782,"Cole, MO",304748
783,"Lee, MS",304597
784,"Providence, RI",304578
785,"Refugio, TX",304480
786,"Black Hawk, IA",304339
787,"Harrison, WV",304295
788,"Warren, KY",304250
789,"Calcasieu, LA",304178
790,"Moody, SD",303975
791,"Cass, MI",303960
792,"Portage, OH",303953
793,"Middlesex, VA",303945
794,"Manassas City, VA",303814
795,"Salem City, VA",303658
796,"Kauai, HI",303322
797,"Lyon, IA",303287
798,"Lake, OH",303240
799,"Maui, HI",303146
800,"Washington, TN",303065
801,"Lynchburg City, VA",303056
802,"Teller, CO",302982
803,"Logan, CO",302915
804,"Spokane, WA",302512
805,"Dewey, SD",302505
806,"Eddy, ND",302267
807,"Vanderburgh, IN",302223
808,"Cottonwood, MN",302094
809,"Pickens, GA",301569
810,"Mono, CA",301095
811,"Sebastian, AR",301051
812,"Jefferson, MT",301049
813,"Coweta, GA",300789
814,"Adams, IL",300572
815,"Pope, MN",300513
816,"Mesa, CO",300512
817,"Grady, OK",300237
818,"Furnas, NE",300185
819,"Chesapeake City, VA",300170
820,"Lander, NV",300120
821,"Bryan, GA",300081
822,"Franklin, NE",299764
823,"Towner, ND",299690
824,"Watauga, NC",299513
825,"Winona, MN",299483
826,"Thomas, GA",299277
827,"Pima, AZ",299269
828,"Miner, SD",299128
829,"Benson, ND",299122
830,"Lorain, OH",298875
831,"Sheboygan, WI",298776
832,"Sac, IA",298749
833,"Charles, MD",298718
834,"Buena Vista, IA",298510
835,"Schleicher, TX",298425
836,"Hardin, IA",298320
837,"St Mary, LA",298232
838,"Red River, LA",297858
839,"Elko, NV",297756
840,"Bernalillo, NM",297741
841,"Allegan, MI",297425
842,"Sabine, LA",297320
843,"Milwaukee, WI",297101
844,"Klickitat, WA",296881
845,"Medina, TX",296863
846,"Pulaski, IN",296827
847,"Arkansas, AR",296736
848,"Creek, OK",296379
849,"Clay, MO",296243
850,"Grundy, IL",296207
851,"York, ME",296144
852,"Polk, NC",296020
853,"Gallatin, IL",295981
854,"Pitt, NC",295959
855,"Redwood, MN",295714
856,"Stark, IL",295713
857,"Crockett, TX",295673
858,"Schenectady, NY",295429
859,"Marshall, KS",295353
860,"Bay, FL",295306
861,"Poweshiek, IA",295173
862,"Posey, IN",295150
863,"Obrien, IA",295126
864,"Pierce, WI",295115
865,"Lexington, SC",295037
866,"Thurston, NE",295000
867,"Coconino, AZ",294984
868,"Angelina, TX",294972
869,"Polk, NE",294963
870,"Payne, OK",294921
871,"Rock, MN",294386
872,"Ellis, TX",294295
873,"Warren, IN",294199
874,"Albany, WY",294065
875,"Atlantic, NJ",293922
876,"Culpeper, VA",293567
877,"Charles Mix, SD",293434
878,"Monona, IA",293401
879,"Cassia, ID",293374
880,"Lane, OR",293155
881,"Sanborn, SD",293070
882,"Madison, IA",292987
883,"Macon, IL",292945
884,"Park, MT",292943
885,"Mercer, OH",292839
886,"Lee, AL",292625
887,"Green, WI",292528
888,"Mitchell, IA",292381
889,"Bibb, GA",292235
890,"Wichita, TX",292019
891,"Winkler, TX",291920
892,"Chickasaw, IA",291821
893,"Brown, MN",291468
894,"Jackson, MO",291434
895,"Matagorda, TX",291407
896,"Dallam, TX",291131
897,"Gilpin, CO",290821
898,"Panola, TX",290772
899,"Sandoval, NM",290571
900,"Weston, WY",290333
901,"Winneshiek, IA",290182
902,"Jefferson, WV",290091
903,"Oconee, SC",290090
904,"Riley, KS",290064
905,"Hampden, MA",290059
906,"Jackson, MN",290029
907,"York, PA",289902
908,"Leon, TX",289824
909,"Solano, CA",289688
910,"La Salle, LA",289499
911,"Grand, UT",289356
912,"Guadalupe, TX",289335
913,"McLennan, TX",289062
914,"Newton, MO",288922
915,"Custer, MT",288736
916,"Northumberland, VA",288714
917,"Hockley, TX",288693
918,"St Martin, LA",288475
919,"Haakon, SD",288466
920,"Harrison, TX",288350
921,"Fairfield, OH",288119
922,"Chippewa, MN",288032
923,"Ulster, NY",287927
924,"Mobile, AL",287901
925,"Forrest, MS",287900
926,"Jo Daviess, IL",287839
927,"Tripp, SD",287832
928,"Hinds, MS",287668
929,"Vermilion, LA",287632
930,"Potter, TX",287620
931,"Lucas, OH",287400
932,"Hancock, ME",287383
933,"Crawford, IA",287355
934,"Brunswick, NC",287345
935,"Uvalde, TX",287287
936,"Montgomery, VA",287048
937,"Hardin, TX",286793
938,"Lancaster, SC",286706
939,"Madison, NY",286459
940,"Henry, IL",286319
941,"Pierce, NE",286128
942,"Cherry, NE",285833
943,"Columbia, WI",285671
944,"Tensas, LA",285527
945,"Cabell, WV",285281
946,"Atchison, MO",285260
947,"Putnam, GA",285239
948,"Dimmit, TX",285179
949,"Limestone, AL",285070
950,"Fresno, CA",285052
951,"Sacramento, CA",285023
952,"Holt, NE",285016
953,"Lewis and Clark, MT",284957
954,"Chaffee, CO",284937
955,"Putnam, OH",284878
956,"Logan, KS",284825
957,"Palo Alto, IA",284441
958,"Sagadahoc, ME",284384
959,"Jerauld, SD",284352
960,"Jackson, OR",284286
961,"Dawson, MT",284267
962,"Jackson, TX",284254
963,"Burleson, TX",284177
964,"Kenosha, WI",283931
965,"St Louis, MN",283740
966,"Mercer, ND",283510
967,"Humboldt, NV",283366
968,"Northampton, VA",283247
969,"Wright, IA",283159
970,"Mathews, VA",283120
971,"Rankin, MS",283087
972,"Gentry, MO",283069
973,"Holmes, OH",282980
974,"Marshall, MN",282957
975,"Boone, IA",282464
976,"Palo Pinto, TX",282378
977,"Wayne, MI",282209
978,"Sherman, OR",282206
979,"Teton, ID",282200
980,"Skamania, WA",282015
981,"Meeker, MN",282001
982,"Granite, MT",281924
983,"Stark, OH",281885
984,"Crow Wing, MN",281858
985,"Gaines, TX",281850
986,"Lackawanna, PA",281792
987,"Camden, MO",281703
988,"Lynn, TX",281604
989,"Edwards, TX",281418
990,"Polk, TX",281272
991,"Dodge, MN",281200
992,"Fond Du Lac, WI",281163
993,"Blaine, OK",280941
994,"Clark, KS",280900
995,"Ransom, ND",280805
996,"Charlotte, FL",280723
997,"Pottawatomie, KS",280650
998,"Grant, KS",280609
999,"Stephens, TX",280550
1000,"Custer, ID",280544
1001,"Kay, OK",280503
1002,"Yakima, WA",280474
1003,"Lauderdale, MS",280399
1004,"Sullivan, PA",280002
1005,"White, IL",279996
1006,"Bowie, TX",279968
1007,"Daviess, KY",279967
1008,"Muscogee, GA",279928
1009,"Deuel, SD",279878
1010,"Big Stone, MN",279746
1011,"Mower, MN",279312
1012,"Carteret, NC",279309
1013,"Carbon, WY",279227
1014,"Kingman, KS",279162
1015,"Bossier, LA",279051
1016,"Otoe, NE",278745
1017,"Becker, MN",278720
1018,"Shawnee, KS",278719
1019,"Clay, FL",278708
1020,"Andrew, MO",278348
1021,"Thurston, WA",278229
1022,"Harrison, IA",278091
1023,"Ravalli, MT",277987
1024,"Portage, WI",277912
1025,"Bath, VA",277786
1026,"Marion, IA",277770
1027,"Roosevelt, MT",277651
1028,"Bonner, ID",277599
1029,"Brewster, TX",277575
1030,"Clarke, GA",277419
1031,"Wabash, IL",277396
1032,"Cass, MO",277325
1033,"Madison, IL",277302
1034,"Carson City, NV",276831
1035,"Day, SD",276825
1036,"Bee, TX",276736
1037,"Murray, MN",276687
1038,"Kiowa, KS",276652
1039,"Bradford, PA",276558
1040,"Sherman, KS",276526
1041,"Christian, MO",276248
1042,"Niobrara, WY",276242
1043,"Coffey, KS",276212
1044,"Nobles, MN",276177
1045,"Fisher, TX",276121
1046,"Riverside, CA",276090
1047,"Windham, VT",275734
1048,"Washington, OH",275692
1049,"Dodge, NE",275659
1050,"Polk, MN",275654
1051,"Franklin, MO",275579
1052,"Boyle, KY",275574
1053,"Red Willow, NE",275556
1054,"Haines, AK",275443
1055,"Rooks, KS",275356
1056,"King George, VA",275353
1057,"Johnson, TX",275337
1058,"Orange, VA",275302
1059,"Florence, SC",275209
1060,"Le Sueur, MN",275101
1061,"Iowa, WI",274988
1062,"Cache, UT",274948
1063,"Wagoner, OK",274945
1064,"Escambia, FL",274838
1065,"Pennington, MN",274835
1066,"Rockingham, VA",274745
1067,"Menard, TX",274703
1068,"Adams, MS",274575
1069,"Kittson, MN",274494
1070,"Graham, KS",274309
1071,"Hutchinson, SD",274086
1072,"Clay, SD",274076
1073,"Adams, PA",274060
1074,"Erie, PA",273785
1075,"Licking, OH",273718
1076,"Nemaha, NE",273679
1077,"Park, CO",273659
1078,"Sedgwick, CO",273629
1079,"Tama, IA",273613
1080,"Webster, IA",273470
1081,"Swift, MN",273426
1082,"Stafford, KS",273389
1083,"Noble, OK",273224
1084,"Cheyenne, KS",272968
1085,"Franklin, IN",272918
1086,"Houston, MN",272913
1087,"Calhoun, IA",272839
1088,"Whitfield, GA",272784
1089,"Scott, KY",272721
1090,"Sullivan, TN",272692
1091,"Kern, CA",272670
1092,"Cass, IA",272667
1093,"Real, TX",272656
1094,"Iowa, IA",272446
1095,"San Juan, NM",272435
1096,"Stillwater, MT",272359
1097,"Montgomery, OH",272116
1098,"Russell, KS",272104
1099,"Brule, SD",272099
1100,"Blount, TN",272023
1101,"Pawnee, KS",271754
1102,"Osceola, IA",271673
1103,"San Joaquin, CA",271636
1104,"Prince of Wales-Hyder Census Area, AK",271472
1105,"Gulf, FL",271318
1106,"Des Moines, IA",271115
1107,"Muscatine, IA",271090
1108,"Clay, KS",270989
1109,"Merrick, NE",270869
1110,"Hamilton, IA",270770
1111,"Garland, AR",270597
1112,"Twin Falls, ID",270383
1113,"Madison, VA",270312
1114,"Presidio, TX",270257
1115,"Baltimore City, MD",269986
1116,"Nolan, TX",269940
1117,"Spartanburg, SC",269926
1118,"De Soto, LA",269920
1119,"St Clair, IL",269918
1120,"Steele, MN",269835
1121,"Miami, OH",269821
1122,"Steuben, IN",269794
1123,"Trego, KS",269684
1124,"Grayson, TX",269530
1125,"Henderson, NC",269490
1126,"Valley, NE",269462
1127,"Wyoming, PA",269386
1128,"Shelby, OH",269359
1129,"Lyman, SD",269306
1130,"Putnam, IL",269244
1131,"Garvin, OK",269149
1132,"Dillingham, AK",269097
1133,"Faulkner, AR",269020
1134,"Barry, MI",269009
1135,"Erie, OH",268947
1136,"Volusia, FL",268650
1137,"Norfolk City, VA",268612
1138,"Cherokee, IA",268332
1139,"Livingston, IL",268273
1140,"Holt, MO",268171
1141,"Pocahontas, IA",268021
1142,"Turner, SD",267814
1143,"Wood, WI",267709
1144,"North Slope, AK",267562
1145,"Clay, MN",267491
1146,"Roberts, SD",267439
1147,"Union, KY",267411
1148,"Osborne, KS",267298
1149,"Pontotoc, OK",267272
1150,"Lake, IN",267142
1151,"Washington, VA",267116
1152,"Macomb, MI",267056
1153,"Pepin, WI",267006
1154,"Salem, NJ",266874
1155,"Woodbury, IA",266865
1156,"Wayne, NE",266840
1157,"Valley, MT",266820
1158,"Adams, CO",266789
1159,"Teton, MT",266761
1160,"Lee, IL",266674
1161,"Franklin, MA",266647
1162,"Wayne, MS",266641
1163,"Lincoln, NE",266587
1164,"Cecil, MD",266389
1165,"Texas, OK",266384
1166,"Kidder, ND",266180
1167,"Benton, IA",266174
1168,"Yavapai, AZ",266099
1169,"Berkeley, SC",266030
1170,"Franklin, WA",265980
1171,"Marshall, IN",265911
1172,"Mahoning, OH",265830
1173,"Mills, TX",265783
1174,"McPherson, SD",265696
1175,"Otter Tail, MN",265625
1176,"Pointe Coupee, LA",265472
1177,"Ford, KS",265378
1178,"Cass, MN",265367
1179,"Vigo, IN",265273
1180,"Kaufman, TX",265124
1181,"Morton, KS",265068
1182,"Dewitt, IL",265046
1183,"Faribault, MN",264840
1184,"Hutchinson, TX",264827
1185,"Lake, FL",264824
1186,"Putnam, TN",264803
1187,"Pecos, TX",264773
1188,"Pottawattamie, IA",264447
1189,"Acadia, LA",264398
1190,"Brown, KS",263944
1191,"Asotin, WA",263869
1192,"Power, ID",263804
1193,"Cascade, MT",263774
1194,"Manitowoc, WI",263490
1195,"Republic, KS",263477
1196,"Reno, KS",263420
1197,"Morrill, NE",263288
1198,"Ford, IL",263187
1199,"Kittitas, WA",262848
1200,"Lebanon, PA",262626
1201,"Sauk, WI",262363
1202,"White, IN",262261
1203,"Brown, IN",262148
1204,"Cedar, IA",261972
1205,"Norton, KS",261896
1206,"Gaston, NC",261573
1207,"Tipton, IN",261330
1208,"Crawford, IL",261323
1209,"Amador, CA",261142
1210,"Floyd, IA",261084
1211,"Horry, SC",260934
1212,"East Carroll, LA",260733
1213,"Santa Cruz, AZ",260643
1214,"Marshall, IL",260361
1215,"Washington, KS",260343
1216,"Freeborn, MN",260337
1217,"Rice, KS",260097
1218,"Craven, NC",260061
1219,"Jefferson, ID",260008
1220,"Hodgeman, KS",259980
1221,"San Saba, TX",259913
1222,"Rio Grande, CO",259897
1223,"Rockbridge, VA",259843
1224,"Hancock, IA",259829
1225,"Wayne, OH",259744
1226,"Ottawa, OH",259742
1227,"Buchanan, IA",259727
1228,"Mercer, IL",259678
1229,"Green Lake, WI",259657
1230,"Scotts Bluff, NE",259638
1231,"Howard, IA",259599
1232,"Wayne, PA",259526
1233,"Jackson, MS",259468
1234,"San Jacinto, TX",259393
1235,"Douglas, WA",259372
1236,"Rock Island, IL",259309
1237,"Dearborn, IN",259295
1238,"Yellow Medicine, MN",259290
1239,"De Kalb, IL",259262
1240,"Keith, NE",259179
1241,"Aiken, SC",258974
1242,"Vilas, WI",258887
1243,"Monroe, PA",258816
1244,"Bradley, TN",258563
1245,"Moultrie, IL",258511
1246,"Walton, GA",258444
1247,"McLeod, MN",258434
1248,"Huron, MI",258418
1249,"Winnebago, IL",258404
1250,"Pike, PA",258401
1251,"Mason, KY",258297
1252,"Floyd, GA",258052
1253,"Morgan, AL",257901
1254,"Prince Georges, MD",257879
1255,"Meade, SD",257876
1256,"Lauderdale, AL",257872
1257,"Washington, IA",257826
1258,"Jones, IA",257806
1259,"Oldham, TX",257761
1260,"Rutherford, TN",257661
1261,"Murray, OK",257544
1262,"Lincoln, NM",257537
1263,"Bayfield, WI",257501
1264,"Carson, TX",257276
1265,"Stanislaus, CA",257266
1266,"Cleburne, AR",257183
1267,"Minidoka, ID",257179
1268,"Nacogdoches, TX",257153
1269,"Jefferson Davis, LA",257123
1270,"Washington, MD",257117
1271,"Daniels, MT",257034
1272,"Roanoke City, VA",257016
1273,"Douglas, IL",256919
1274,"Custer, SD",256889
1275,"Webb, TX",256792
1276,"Lee, AR",256718
1277,"Montezuma, CO",256680
1278,"Robertson, TX",256637
1279,"Silver Bow, MT",256562
1280,"Pierce, ND",256424
1281,"Marion, OR",256386
1282,"Benton, IN",256382
1283,"Dawson, NE",256343
1284,"Washington, IL",256332
1285,"Whitman, WA",256293
1286,"Seward, KS",256279
1287,"Bureau, IL",256042
1288,"Calaveras, CA",255796
1289,"Pope, AR",255756
1290,"Rock, WI",255672
1291,"Wabasha, MN",255491
1292,"Reeves, TX",255472
1293,"Judith Basin, MT",255441
1294,"Harrison, OH",255431
1295,"Benzie, MI",255341
1296,"Clinton, IL",255288
1297,"Isanti, MN",255166
1298,"Toole, MT",255059
1299,"Bastrop, TX",255056
1300,"Allen, OH",255050
1301,"Tallapoosa, AL",255041
1302,"Crane, TX",255014
1303,"Calhoun, TX",254862
1304,"Erath, TX",254829
1305,"Florence, WI",254729
1306,"Charles City, VA",254726
1307,"Queens, NY",254714
1308,"Pickens, SC",254518
1309,"Marshall, IA",254373
1310,"Philadelphia, PA",254335
1311,"Morgan, IN",254272
1312,"Whitley, IN",253995
1313,"Anderson, TN",253963
1314,"Menard, IL",253928
1315,"Caldwell, LA",253800
1316,"Mahaska, IA",253674
1317,"Knox, IN",253523
1318,"Echols, GA",253483
1319,"Bingham, ID",253196
1320,"Wells, IN",253189
1321,"Morgan, IL",253160
1322,"Iberville, LA",253049
1323,"Rutland, VT",253006
1324,"Harlan, NE",252982
1325,"La Salle, IL",252976
1326,"Martinsville City, VA",252886
1327,"Boyd, KY",252715
1328,"Mississippi, MO",252655
1329,"Louisa, VA",252317
1330,"Kimble, TX",252073
1331,"Carroll, MO",251961
1332,"Chowan, NC",251874
1333,"Monroe, MI",251846
1334,"Wicomico, MD",251785
1335,"Wood, WV",251764
1336,"Ogle, IL",251691
1337,"Jackson, IN",251686
1338,"Caribou, ID",251629
1339,"De Soto, MS",251613
1340,"Emmons, ND",251564
1341,"Rusk, TX",251551
1342,"Weber, UT",251503
1343,"Polk, OR",251437
1344,"Carroll, OH",251395
1345,"Harrison, MS",251320
1346,"Lincoln, MS",251269
1347,"Chase, KS",251249
1348,"Lampasas, TX",251108
1349,"Nelson, KY",251088
1350,"Butler, NE",251028
1351,"Penobscot, ME",251024
1352,"Isabella, MI",250824
1353,"Gage, NE",250803
1354,"Rio Blanco, CO",250734
1355,"Raleigh, WV",250731
1356,"Jasper, IN",250651
1357,"Chemung, NY",250598
1358,"Webster, NE",250549
1359,"Chippewa, WI",250547
1360,"Winnebago, IA",250437
1361,"St Landry, LA",250370
1362,"McIntosh, ND",250292
1363,"Jones, MS",250290
1364,"Luzerne, PA",250248
1365,"Guernsey, OH",250217
1366,"West Baton Rouge, LA",250090
1367,"Perkins, SD",249973
1368,"Dickinson, MI",249886
1369,"Warren, IL",249839
1370,"Jim Hogg, TX",249716
1371,"Greene, IA",249657
1372,"Walker, TX",249598
1373,"Buchanan, MO",249581
1374,"Latah, ID",249362
1375,"Pamlico, NC",249332
1376,"Hamilton, KS",249331
1377,"Henry, GA",249282
1378,"Jefferson, WI",249268
1379,"Tyler, WV",249126
1380,"Harvey, KS",248800
1381,"Boise, ID",248719
1382,"Fillmore, MN",248690
1383,"Tift, GA",248619
1384,"La Porte, IN",248392
1385,"Lycoming, PA",248337
1386,"Emmet, IA",248311
1387,"Assumption, LA",248307
1388,"Lapeer, MI",248201
1389,"Watonwan, MN",248192
1390,"Pipestone, MN",248125
1391,"Grant, WA",248093
1392,"Iroquois, IL",248053
1393,"Adams, IN",248039
1394,"Richardson, NE",248018
1395,"Saline, AR",247988
1396,"San Bernardino, CA",247979
1397,"Anderson, SC",247941
1398,"Fergus, MT",247930
1399,"Smith, KS",247636
1400,"Wheatland, MT",247522
1401,"Leavenworth, KS",247466
1402,"Osage, OK",247457
1403,"Oktibbeha, MS",247424
1404,"Fayette, IA",247419
1405,"Orange, VT",247365
1406,"Kimball, NE",247362
1407,"Freestone, TX",247330
1408,"Wood, TX",247295
1409,"Garfield, NE",247274
1410,"Nez Perce, ID",247263
1411,"Blair, PA",247254
1412,"Logan, IL",247169
1413,"Rensselaer, NY",247166
1414,"Henderson, TX",247164
1415,"Ellsworth, KS",247019
1416,"Livingston, MO",246992
1417,"Jackson, IL",246952
1418,"Williamson, IL",246943
1419,"Page, IA",246908
1420,"Bell, TX",246773
1421,"Bosque, TX",246642
1422,"Steuben, NY",246642
1423,"Leflore, MS",246623
1424,"Warren, VA",246486
1425,"Delaware, IA",246475
1426,"Marquette, MI",246405
1427,"Adams, WA",246236
1428,"Sutter, CA",246136
1429,"Norman, MN",246134
1430,"Coles, IL",246127
1431,"Nash, NC",246014
1432,"Natchitoches, LA",245968
1433,"Transylvania, NC",245902
1434,"Windham, CT",245899
1435,"Trempealeau, WI",245745
1436,"Chaves, NM",245742
1437,"Dixon, NE",245678
1438,"Bon Homme, SD",245551
1439,"Auglaize, OH",245518
1440,"Lowndes, MS",245370
1441,"Worth, IA",245266
1442,"Adams, ND",245249
1443,"Moffat, CO",245245
1444,"Musselshell, MT",245155
1445,"Knox, IL",245130
1446,"Mercer, PA",245107
1447,"Woodson, KS",245107
1448,"Alamance, NC",245045
1449,"Manassas Park City, VA",244920
1450,"Lake of The Woods, MN",244844
1451,"Sumner, KS",244814
1452,"Greenwood, SC",244789
1453,"Beaver, PA",244777
1454,"Jasper, IA",244540
1455,"St Louis City, MO",244497
1456,"Washita, OK",244485
1457,"Franklin, TX",244483
1458,"St Lucie, FL",244399
1459,"Richland, LA",244387
1460,"Chouteau, MT",244339
1461,"Marion, MS",244300
1462,"Morgan, CO",244277
1463,"Navarro, TX",244131
1464,"Moore, TN",244103
1465,"Hawaii, HI",243998
1466,"Glenn, CA",243771
1467,"Carroll, IN",243760
1468,"Platte, WY",243711
1469,"Jewell, KS",243702
1470,"Hyde, NC",243623
1471,"Deuel, NE",243592
1472,"Essex, VA",243393
1473,"Currituck, NC",243227
1474,"Orange, TX",243075
1475,"Clallam, WA",243049
1476,"Carroll, GA",242904
1477,"Catahoula, LA",242877
1478,"Greenup, KY",242807
1479,"Hamilton, IL",242748
1480,"Lumpkin, GA",242733
1481,"Rabun, GA",242659
1482,"Kewaunee, WI",242632
1483,"Saginaw, MI",242469
1484,"Butte, CA",242440
1485,"Beltrami, MN",242301
1486,"Carroll, IL",242273
1487,"Greene, VA",242096
1488,"Moore, TX",242081
1489,"Broome, NY",242038
1490,"Coffee, AL",241834
1491,"Kankakee, IL",241754
1492,"Taos, NM",241752
1493,"Lowndes, GA",241730
1494,"Columbia, AR",241603
1495,"Montrose, CO",241577
1496,"Daviess, IN",241301
1497,"Franklin, PA",241290
1498,"Decatur, KS",241199
1499,"Jackson, GA",241041
1500,"Titus, TX",241014
1501,"Roane, TN",240983
1502,"Lincoln, MN",240877
1503,"Fulton, OH",240769
1504,"Concho, TX",240698
1505,"Bourbon, KY",240412
1506,"Pender, NC",240407
1507,"Shelby, IN",240348
1508,"Stanton, NE",240312
1509,"Otsego, NY",240211
1510,"Saline, NE",240198
1511,"Henderson, KY",240177
1512,"Lamar, TX",239975
1513,"Lee, NC",239928
1514,"Ralls, MO",239862
1515,"Pottawatomie, OK",239826
1516,"Elmore, AL",239780
1517,"Covington, AL",239630
1518,"Hendry, FL",239621
1519,"Montgomery, IA",239555
1520,"Ripley, IN",239478
1521,"Johnston, NC",239292
1522,"Marshall, AL",239194
1523,"Mendocino, CA",239055
1524,"Mitchell, TX",239048
1525,"Pike, MS",238984
1526,"Otsego, MI",238759
1527,"Nuckolls, NE",238749
1528,"Chautauqua, KS",238691
1529,"Gloucester, VA",238660
1530,"Grant, ND",238647
1531,"Howard, NE",238611
1532,"Liberty, TX",238597
1533,"Polk, FL",238419
1534,"Waseca, MN",238389
1535,"Beaufort, NC",238336
1536,"Bolivar, MS",238302
1537,"Richland, IL",238260
1538,"Warren, MS",238029
1539,"Concordia, LA",237992
1540,"Warren, PA",237991
1541,"Macon, NC",237853
1542,"Baxter, AR",237805
1543,"Tuscarawas, OH",237770
1544,"Madison, KY",237723
1545,"Calhoun, MI",237701
1546,"Claiborne, LA",237602
1547,"Scott, MO",237591
1548,"Troup, GA",237513
1549,"Van Buren, MI",237406
1550,"Shasta, CA",237393
1551,"Jasper, TX",237333
1552,"Bartow, GA",237159
1553,"Floyd, TX",237094
1554,"Spencer, KY",237020
1555,"Clatsop, OR",236999
1556,"Marion, MO",236988
1557,"Whiteside, IL",236906
1558,"Adams, IA",236893
1559,"Wabash, IN",236885
1560,"Camden, NC",236885
1561,"Maury, TN",236683
1562,"McHenry, ND",236407
1563,"St Clair, MI",236269
1564,"Barron, WI",236182
1565,"Sawyer, WI",236164
1566,"Fluvanna, VA",235937
1567,"Tuolumne, CA",235917
1568,"Jackson, MI",235854
1569,"Phelps, MO",235735
1570,"Hubbard, MN",235726
1571,"Tazewell, VA",235591
1572,"King William, VA",235506
1573,"Coke, TX",235372
1574,"Dodge, WI",235179
1575,"Cherokee, TX",235149
1576,"Wilson, NC",235055
1577,"East Feliciana, LA",235028
1578,"Butler, MO",234957
1579,"Waupaca, WI",234916
1580,"Marion, FL",234898
1581,"Mason, IL",234891
1582,"Adams, ID",234873
1583,"Stephenson, IL",234831
1584,"Jefferson, IN",234787
1585,"Itasca, MN",234767
1586,"Wilbarger, TX",234732
1587,"Terrell, GA",234677
1588,"Adair, MO",234542
1589,"Coahoma, MS",234481
1590,"Polk, WI",234409
1591,"Christian, IL",234408
1592,"Garden, NE",234341
1593,"Indiana, PA",234321
1594,"De Kalb, IN",234309
1595,"Cheboygan, MI",234210
1596,"Nodaway, MO",234201
1597,"Hopkins, TX",234059
1598,"Hall, TX",233954
1599,"Hot Springs, WY",233896
1600,"Staunton City, VA",233686
1601,"Northwest Arctic, AK",233683
1602,"Custer, NE",233594
1603,"Sherman, NE",233523
1604,"Tangipahoa, LA",233440
1605,"Elk, PA",233438
1606,"Pasco, FL",233325
1607,"Runnels, TX",233313
1608,"Swisher, TX",232907
1609,"Crawford, KS",232904
1610,"Montgomery, IL",232887
1611,"Bannock, ID",232880
1612,"Payette, ID",232647
1613,"Clay, TX",232586
1614,"St James, LA",232488
1615,"Boundary, ID",232438
1616,"Eastland, TX",232341
1617,"Scott, IL",232292
1618,"Anderson, TX",232288
1619,"Caldwell, TX",232251
1620,"Colfax, NE",232235
1621,"Sibley, MN",232192
1622,"Hardin, KY",232049
1623,"Dorchester, SC",231896
1624,"Dunn, WI",231670
1625,"Columbia, PA",231654
1626,"Independence, AR",231606
1627,"Clinton, IA",231571
1628,"Franklin, VA",231539
1629,"Lagrange, IN",231510
1630,"Glades, FL",231487
1631,"Clinton, MO",231466
1632,"Kennebec, ME",231200
1633,"Decatur, IN",231151
1634,"Gibson, IN",231074
1635,"Douglas, GA",231017
1636,"Marshall, KY",230932
1637,"Kleberg, TX",230905
1638,"White Pine, NV",230802
1639,"Granville, NC",230617
1640,"Owyhee, ID",230601
1641,"Dougherty, GA",230592
1642,"Delaware, IN",230589
1643,"Washington, MS",230452
1644,"Lonoke, AR",230361
1645,"Cullman, AL",230348
1646,"Livingston, LA",230262
1647,"Hill, MT",230236
1648,"Box Butte, NE",230232
1649,"Brown, NE",230215
1650,"Caledonia, VT",230127
1651,"Coleman, TX",230037
1652,"Lincoln, OR",229987
1653,"Butler, IA",229760
1654,"Prince George, VA",229645
1655,"Louisa, IA",229513
1656,"Burt, NE",229512
1657,"Madera, CA",229512
1658,"Wetzel, WV",229409
1659,"Huntington, IN",229325
1660,"Lafayette, WI",229269
1661,"Eaton, MI",229065
1662,"Westmoreland, VA",229056
1663,"Tulare, CA",228861
1664,"Cochran, TX",228836
1665,"Oneida, NY",228808
1666,"Sullivan, NY",228740
1667,"Franklin, TN",228700
1668,"Crittenden, AR",228694
1669,"Alamosa, CO",228666
1670,"Cotton, OK",228664
1671,"Jackson, IA",228656
1672,"Butte, SD",228602
1673,"Hopkins, KY",228600
1674,"Towns, GA",228492
1675,"Phillips, KS",228485
1676,"Union, NM",228476
1677,"Genesee, MI",228475
1678,"Knox, OH",228393
1679,"Sabine, TX",228371
1680,"Franklin, KY",228331
1681,"Wasco, OR",228311
1682,"Madison, ID",228247
1683,"Clark, KY",228213
1684,"Benton, MN",228096
1685,"Bay, MI",228029
1686,"Essex, NY",227863
1687,"Clark, IL",227719
1688,"Pawnee, OK",227655
1689,"Wayne, IN",227599
1690,"Nome, AK",227519
1691,"Lincoln, WA",227376
1692,"Baca, CO",227301
1693,"Henry, IA",227266
1694,"Fulton, IN",227260
1695,"Marshall, OK",227257
1696,"Shelby, IL",227236
1697,"Edgar, IL",227103
1698,"Shelby, TX",227044
1699,"Cowlitz, WA",227031
1700,"Culberson, TX",226983
1701,"Adair, IA",226923
1702,"Crosby, TX",226734
1703,"Hale, TX",226668
1704,"Greene, NY",226655
1705,"Van Wert, OH",226529
1706,"Henry, OH",226490
1707,"Tillamook, OR",226475
1708,"Highland, VA",226436
1709,"Beauregard, LA",226433
1710,"Jasper, MO",226385
1711,"Colbert, AL",226373
1712,"Lawrence, PA",226329
1713,"Calloway, KY",226296
1714,"Garrett, MD",226290
1715,"Hunt, TX",226286
1716,"Sevier, TN",226164
1717,"Frontier, NE",225965
1718,"McDonough, IL",225876
1719,"White, AR",225863
1720,"El Paso, TX",225862
1721,"Wilson, KS",225681
1722,"Eureka, NV",225572
1723,"Franklin, LA",225568
1724,"Harmon, OK",225231
1725,"Gregory, SD",225153
1726,"Broadwater, MT",225151
1727,"Dyer, TN",225079
1728,"Robertson, TN",225036
1729,"Obion, TN",224935
1730,"Franklin, VT",224924
1731,"Hamblen, TN",224911
1732,"Clark, IN",224774
1733,"Kent, DE",224634
1734,"Citrus, FL",224530
1735,"Hamilton, NY",224480
1736,"Cimarron, OK",224411
1737,"Clayton, IA",224387
1738,"Langlade, WI",224291
1739,"Lake, MT",224286
1740,"Doniphan, KS",224091
1741,"Waldo, ME",224069
1742,"Wabaunsee, KS",224048
1743,"Warren, MO",223992
1744,"Mason, MI",223971
1745,"Harrisonburg City, VA",223934
1746,"Conway, AR",223672
1747,"Paulding, GA",223651
1748,"Winn, LA",223635
1749,"Jackson, WI",223623
1750,"Jones, TX",223602
1751,"Jasper, IL",223548
1752,"Pike, KY",223423
1753,"Pike, IL",223355
1754,"Clay, MS",223309
1755,"Knox, TX",223289
1756,"Orleans, VT",223273
1757,"Evangeline, LA",223262
1758,"Mackinac, MI",223208
1759,"Lee, IA",223166
1760,"Latimer, OK",223141
1761,"Liberty, MT",223108
1762,"Jackson, NC",222990
1763,"Neosho, KS",222836
1764,"Jefferson, IL",222830
1765,"Fall River, SD",222821
1766,"Seminole, GA",222714
1767,"Cheatham, TN",222680
1768,"Collingsworth, TX",222488
1769,"Henry, TN",222384
1770,"Perquimans, NC",222302
1771,"Laurens, GA",221950
1772,"Saline, MO",221856
1773,"Augusta, VA",221811
1774,"Darlington, SC",221811
1775,"Bulloch, GA",221771
1776,"Gratiot, MI",221669
1777,"Marshall, WV",221599
1778,"Montgomery, IN",221574
1779,"Lawrence, IL",221494
1780,"Logan, ND",221454
1781,"Ringgold, IA",221401
1782,"Ottawa, KS",221381
1783,"Jackson, OK",221342
1784,"Jefferson, MO",221258
1785,"Todd, KY",221108
1786,"Camp, TX",221086
1787,"Stone, MO",221070
1788,"Pittsburg, OK",221063
1789,"Terry, TX",221054
1790,"Doddridge, WV",220905
1791,"Knox, NE",220850
1792,"Clinton, OH",220606
1793,"Jersey, IL",220562
1794,"Rush, IN",220517
1795,"Van Zandt, TX",220354
1796,"Coffee, TN",220241
1797,"Autauga, AL",220144
1798,"Inyo, CA",220084
1799,"Bond, IL",220051
1800,"Lincoln, CO",219901
1801,"McCulloch, TX",219890
1802,"Rowan, NC",219730
1803,"Forest, WI",219683
1804,"Hancock, IL",219667
1805,"Cumberland, NC",219593
1806,"Pickaway, OH",219483
1807,"Athens, OH",219411
1808,"Houston, GA",219409
1809,"Taney, MO",219393
1810,"Greenbrier, WV",219358
1811,"Tioga, PA",219175
1812,"Jefferson, FL",219090
1813,"Labette, KS",219089
1814,"Radford, VA",219041
1815,"Union, GA",219039
1816,"Houston, TX",218930
1817,"Crawford, WI",218849
1818,"Franklin City, VA",218784
1819,"Goshen, WY",218700
1820,"Columbia, WA",218593
1821,"St Joseph, MI",218565
1822,"Kershaw, SC",218563
1823,"Dona Ana, NM",218495
1824,"Edgefield, SC",218473
1825,"Jefferson, KS",218462
1826,"Keweenaw, MI",218407
1827,"Ballard, KY",218343
1828,"Dorchester, MD",218276
1829,"Carlisle, KY",217964
1830,"Washington, CO",217932
1831,"Hancock, MS",217918
1832,"Clarke, MS",217764
1833,"Childress, TX",217764
1834,"Shenandoah, VA",217635
1835,"Allen, KS",217629
1836,"Berkeley, WV",217517
1837,"Logan, OH",217507
1838,"Rockdale, GA",217388
1839,"Jerome, ID",217367
1840,"Union, IA",217337
1841,"Humboldt, CA",217243
1842,"Brown, IL",217239
1843,"Chicot, AR",217234
1844,"Beaverhead, MT",217223
1845,"Montgomery, KS",217101
1846,"Boone, AR",217043
1847,"Sequatchie, TN",216979
1848,"Marion, WV",216976
1849,"Rosebud, MT",216948
1850,"Columbia, OR",216858
1851,"Clinton, IN",216645
1852,"Baylor, TX",216641
1853,"Davidson, NC",216603
1854,"Seminole, OK",216488
1855,"Grenada, MS",216485
1856,"Perry, KY",216477
1857,"Lawrence, MS",216338
1858,"Brown, TX",216257
1859,"Morris, KS",216164
1860,"Cook, MN",215988
1861,"Wahkiakum, WA",215960
1862,"Muskegon, MI",215960
1863,"Sevier, UT",215873
1864,"Tioga, NY",215849
1865,"Brooke, WV",215836
1866,"Toombs, GA",215747
1867,"Morrow, OR",215730
1868,"Decatur, GA",215720
1869,"Miller, GA",215674
1870,"Oconto, WI",215605
1871,"Beaver, UT",215602
1872,"Anderson, KS",215588
1873,"Lyon, KY",215559
1874,"Carroll, MS",215539
1875,"Limestone, TX",215515
1876,"Stoddard, MO",215509
1877,"Canyon, ID",215495
1878,"Jackson, WV",215223
1879,"Waynesboro City, VA",215161
1880,"Josephine, OR",215133
1881,"Delaware, OK",215061
1882,"Pasquotank, NC",214987
1883,"Umatilla, OR",214977
1884,"Clearwater, MN",214945
1885,"Harrison, IN",214837
1886,"Pike, GA",214804
1887,"Livingston, NY",214777
1888,"Hidalgo, TX",214578
1889,"Howard, IN",214563
1890,"Love, OK",214452
1891,"Schuyler, IL",214436
1892,"Rains, TX",214409
1893,"Franklin, ID",214402
1894,"Tooele, UT",214086
1895,"Pleasants, WV",214052
1896,"Pueblo, CO",213978
1897,"Zapata, TX",213935
1898,"St Clair, AL",213816
1899,"Deaf Smith, TX",213634
1900,"Atchison, KS",213598
1901,"Cowley, KS",213587
1902,"Williams, OH",213580
1903,"West Carroll, LA",213570
1904,"Grant, WI",213546
1905,"Fayette, OH",213543
1906,"Bryan, OK",213415
1907,"Union, OR",213394
1908,"Hitchcock, NE",213375
1909,"Yates, NY",213310
1910,"Sierra, CA",213281
1911,"Hardin, TN",213247
1912,"Elk, KS",213247
1913,"Lyon, KS",213240
1914,"Desha, AR",213185
1915,"Hill, TX",213151
1916,"Fannin, GA",213133
1917,"Howell, MO",213053
1918,"Oceana, MI",213039
1919,"Putnam, IN",212990
1920,"Etowah, AL",212981
1921,"Effingham, GA",212843
1922,"Taylor, WV",212767
1923,"Fountain, IN",212760
1924,"Crawford, PA",212747
1925,"Cambria, PA",212739
1926,"Wayne, IL",212727
1927,"Red Lake, MN",212717
1928,"Scotland, MO",212703
1929,"Muskingum, OH",212641
1930,"Androscoggin, ME",212597
1931,"Mason, WA",212586
1932,"Montgomery, TN",212439
1933,"Franklin, ME",212404
1934,"Powell, MT",212381
1935,"Cumberland, TN",212379
1936,"Gordon, GA",212365
1937,"Mecosta, MI",212197
1938,"Greenwood, KS",212189
1939,"Caddo, OK",212168
1940,"Linn, MO",212144
1941,"Bethel, AK",212071
1942,"Washington, GA",212051
1943,"Sunflower, MS",212020
1944,"Harper, OK",212010
1945,"Okanogan, WA",211901
1946,"Gilmer, GA",211773
1947,"Cross, AR",211767
1948,"Prairie, AR",211700
1949,"Duval, TX",211664
1950,"Defiance, OH",211658
1951,"Montgomery, NC",211630
1952,"Pulaski, KY",211483
1953,"Lenawee, MI",211474
1954,"Prowers, CO",211349
1955,"Pemiscot, MO",211295
1956,"Greene, AR",211228
1957,"Haywood, NC",211190
1958,"Upshur, WV",211157
1959,"Pike, AL",211134
1960,"Hickman, KY",211104
1961,"Pacific, WA",211096
1962,"Kings, CA",211094
1963,"Dakota, NE",211063
1964,"Stevens, WA",211062
1965,"Habersham, GA",210907
1966,"Comanche, TX",210900
1967,"Cleveland, AR",210858
1968,"Franklin, KS",210853
1969,"Big Horn, MT",210773
1970,"Mineral, MT",210728
1971,"Dickson, TN",210590
1972,"Taylor, WI",210560
1973,"Mercer, MO",210504
1974,"Union, LA",210498
1975,"Clinch, GA",210324
1976,"Muskogee, OK",210301
1977,"Parmer, TX",210268
1978,"Fannin, TX",210187
1979,"Barrow, GA",210103
1980,"Wapello, IA",210043
1981,"Curry, OR",209995
1982,"Newberry, SC",209965
1983,"Lake, MN",209902
1984,"Monroe, WI",209819
1985,"Branch, MI",209768
1986,"Webster, LA",209655
1987,"McCormick, SC",209651
1988,"Fremont, ID",209624
1989,"Washburn, WI",209557
1990,"Spencer, IN",209503
1991,"Barren, KY",209414
1992,"Coos, OR",209391
1993,"Yazoo, MS",209296
1994,"Attala, MS",209275
1995,"Parke, IN",208972
1996,"Osceola, FL",208783
1997,"Keokuk, IA",208577
1998,"Ross, OH",208452
1999,"Wexford, MI",208325
2000,"Allamakee, IA",208294
2001,"Graves, KY",208255
2002,"Lewis, WV",208236
2003,"St John The Baptist, LA",208124
2004,"Snyder, PA",208073
2005,"Wayne, NC",207946
2006,"Audrain, MO",207679
2007,"Surry, NC",207582
2008,"Milam, TX",207560
2009,"Clarke, IA",207553
2010,"Carlton, MN",207526
2011,"Cass, IN",207451
2012,"Irwin, GA",207356
2013,"Ashley, AR",207341
2014,"Wrangell City and Borough, AK",207320
2015,"Barton, MO",207232
2016,"Gallia, OH",207123
2017,"Wayne, UT",207115
2018,"Lincoln, TN",206986
2019,"Kinney, TX",206842
2020,"Clinton, NY",206839
2021,"Mariposa, CA",206787
2022,"Merced, CA",206740
2023,"Hart, GA",206704
2024,"Big Horn, WY",206673
2025,"Lucas, IA",206654
2026,"Clearfield, PA",206479
2027,"Sharkey, MS",206420
2028,"Trumbull, OH",206398
2029,"Pulaski, GA",206349
2030,"Van Buren, IA",206173
2031,"Clay, IL",206112
2032,"Van Buren, AR",206082
2033,"Imperial, CA",206065
2034,"Box Elder, UT",206041
2035,"Union, IL",205950
2036,"Laurel, KY",205843
2037,"Cameron, TX",205838
2038,"Richmond, GA",205807
2039,"Carbon, UT",205805
2040,"Walker, AL",205779
2041,"Gila, AZ",205618
2042,"Waushara, WI",205596
2043,"Randolph, IL",205555
2044,"Clay, NC",205484
2045,"Henry, MO",205428
2046,"Jackson, AR",205415
2047,"Cumberland, IL",205369
2048,"Gilliam, OR",205306
2049,"Mecklenburg, VA",205244
2050,"Donley, TX",205210
2051,"Cayuga, NY",205143
2052,"Schoolcraft, MI",204976
2053,"Washington, ID",204929
2054,"Liberty, FL",204882
2055,"Escambia, AL",204855
2056,"Darke, OH",204782
2057,"Miller, AR",204683
2058,"Chariton, MO",204611
2059,"Baldwin, GA",204574
2060,"Alger, MI",204503
2061,"Comanche, OK",204437
2062,"Randolph, MO",204362
2063,"New Madrid, MO",204336
2064,"Lewis, ID",204214
2065,"Richland, OH",204209
2066,"Newton, IN",204148
2067,"Pondera, MT",203957
2068,"Avoyelles, LA",203852
2069,"Mclean, KY",203850
2070,"Rowan, KY",203813
2071,"Simpson, MS",203767
2072,"Rolette, ND",203621
2073,"Morehouse, LA",203608
2074,"Douglas, OR",203556
2075,"Caroline, VA",203522
2076,"Decatur, IA",203446
2077,"Deer Lodge, MT",203424
2078,"Marengo, AL",203421
2079,"Wayne, NY",203396
2080,"Sheridan, NE",203279
2081,"Macoupin, IL",203273
2082,"Cumberland, NJ",203229
2083,"Perry, MO",203220
2084,"Colquitt, GA",203173
2085,"King and Queen, VA",203145
2086,"Clark, OH",203102
2087,"Lenoir, NC",203036
2088,"Grant, NM",203025
2089,"Niagara, NY",202991
2090,"Aitkin, MN",202943
2091,"Houghton, MI",202829
2092,"Vermilion, IL",202685
2093,"Bedford, TN",202579
2094,"Drew, AR",202529
2095,"Klamath, OR",202445
2096,"Somerset, PA",202438
2097,"Pierce, GA",202437
2098,"Henry, AL",202428
2099,"Idaho, ID",202365
2100,"Sanilac, MI",202267
2101,"Crook, OR",202232
2102,"Vernon, WI",202224
2103,"McKean, PA",202193
2104,"Marion, TN",202179
2105,"Davis, IA",202004
2106,"Cleveland, NC",201879
2107,"Douglas, WI",201794
2108,"Plumas, CA",201776
2109,"Hardin, IL",201739
2110,"Dade, GA",201738
2111,"Stanly, NC",201717
2112,"Atoka, OK",201706
2113,"Phillips, AR",201618
2114,"Mayes, OK",201576
2115,"Choctaw, AL",201381
2116,"Newport News City, VA",201203
2117,"Saline, IL",201106
2118,"Whitley, KY",201080
2119,"Kiowa, OK",201036
2120,"Morrison, MN",201006
2121,"Neshoba, MS",201003
2122,"Rush, KS",200984
2123,"Cherokee, OK",200863
2124,"Paulding, OH",200737
2125,"Winston, AL",200595
2126,"Huron, OH",200561
2127,"Vernon, LA",200513
2128,"Juab, UT",200481
2129,"Jefferson, TN",200452
2130,"Upshur, TX",200403
2131,"Woodruff, AR",200355
2132,"Fayette, IL",200355
2133,"Montgomery, KY",200289
2134,"Coal, OK",200264
2135,"Laclede, MO",200255
2136,"Tipton, TN",200176
2137,"Crenshaw, AL",200147
2138,"Bourbon, KS",199946
2139,"Grant, LA",199933
2140,"Delta, CO",199928
2141,"Wyandot, OH",199916
2142,"Newton, GA",199845
2143,"Haskell, OK",199702
2144,"Pettis, MO",199542
2145,"Marquette, WI",199516
2146,"Prince Edward, VA",199504
2147,"Calhoun, IL",199500
2148,"Graham, AZ",199452
2149,"Ashland, OH",199439
2150,"Clarion, PA",199304
2151,"Christian, KY",199268
2152,"Mississippi, AR",199252
2153,"Union, MS",199229
2154,"Marion, KS",199215
2155,"Poinsett, AR",199122
2156,"Franklin, NC",199073
2157,"Venango, PA",198869
2158,"Garfield, WA",198858
2159,"Cortland, NY",198766
2160,"Richland, WI",198743
2161,"Calhoun, AL",198735
2162,"Malheur, OR",198707
2163,"Marion, OH",198663
2164,"Vernon, MO",198642
2165,"Jasper, SC",198637
2166,"Lewis, WA",198364
2167,"Adams, WI",198323
2168,"Wayne, IA",198088
2169,"Kalkaska, MI",198010
2170,"Accomack, VA",197999
2171,"Clarke, AL",197952
2172,"Danville City, VA",197858
2173,"Calhoun, SC",197834
2174,"Ray, MO",197828
2175,"Greeley, NE",197822
2176,"Amite, MS",197808
2177,"Jasper, GA",197785
2178,"Jones, GA",197783
2179,"Shawano, WI",197779
2180,"Burke, NC",197747
2181,"Caroline, MD",197694
2182,"Dickens, TX",197544
2183,"Shiawassee, MI",197536
2184,"Galax City, VA",197409
2185,"Southeast Fairbanks, AK",197404
2186,"Pend Oreille, WA",197378
2187,"Seneca, NY",197345
2188,"Sanpete, UT",197307
2189,"Juniata, PA",197271
2190,"Monroe, TN",197154
2191,"Walthall, MS",197090
2192,"Clark, WI",197065
2193,"Pearl River, MS",197059
2194,"Alleghany, NC",197017
2195,"Coffee, GA",196995
2196,"Fremont, CO",196985
2197,"Hillsdale, MI",196960
2198,"Barry, MO",196911
2199,"Ritchie, WV",196892
2200,"Tyler, TX",196855
2201,"Fulton, IL",196822
2202,"Sampson, NC",196693
2203,"Anderson, KY",196683
2204,"Wadena, MN",196566
2205,"Gibson, TN",196550
2206,"Spalding, GA",196522
2207,"Ste Genevieve, MO",196491
2208,"Nowata, OK",196292
2209,"Marion, TX",196284
2210,"Forest, PA",196267
2211,"Madison, IN",196061
2212,"Lafayette, MO",196049
2213,"Linn, KS",196045
2214,"Pershing, NV",196042
2215,"Sumter, SC",196038
2216,"Callahan, TX",195965
2217,"Wilkes, NC",195785
2218,"Delta, TX",195737
2219,"Washington, AL",195663
2220,"Ashland, WI",195620
2221,"Lincoln, WI",195616
2222,"Humphreys, TN",195599
2223,"Cloud, KS",195596
2224,"Millard, UT",195589
2225,"Mercer, KY",195546
2226,"Nicholas, WV",195523
2227,"Bullitt, KY",195513
2228,"Jackson, AL",195497
2229,"Newaygo, MI",195393
2230,"Henry, IN",195350
2231,"Greene, MS",195332
2232,"Grant, IN",195237
2233,"Johnson, KY",195140
2234,"Union, IN",195062
2235,"Las Animas, CO",195055
2236,"Clinton, PA",194908
2237,"Jefferson, PA",194795
2238,"Grundy, MO",194766
2239,"Caldwell, KY",194696
2240,"Hughes, OK",194541
2241,"Juneau, WI",194505
2242,"George, MS",194318
2243,"Baker, GA",194247
2244,"Simpson, KY",194241
2245,"Champaign, OH",194230
2246,"Ouachita, AR",194195
2247,"Johnson, MO",194171
2248,"Edwards, IL",194126
2249,"Mille Lacs, MN",194033
2250,"Sullivan, IN",194020
2251,"Hardee, FL",194019
2252,"Potter, PA",193962
2253,"Colfax, NM",193873
2254,"Highlands, FL",193868
2255,"Columbiana, OH",193865
2256,"Catoosa, GA",193859
2257,"Monroe, IA",193783
2258,"Manistee, MI",193639
2259,"Alcorn, MS",193561
2260,"Jefferson, AR",193541
2261,"Grays Harbor, WA",193537
2262,"Monroe, AR",193523
2263,"Lincoln, MO",193319
2264,"Calhoun, AR",193288
2265,"Amelia, VA",193256
2266,"Perry, TN",193254
2267,"Henry, KY",193151
2268,"Randolph, IN",193134
2269,"Okmulgee, OK",193119
2270,"Churchill, NV",193006
2271,"Covington, MS",192982
2272,"Logan, KY",192971
2273,"Fayette, PA",192877
2274,"Sumter, GA",192844
2275,"Dickinson, KS",192822
2276,"Iron, UT",192821
2277,"Jasper, MS",192794
2278,"Alpena, MI",192767
2279,"Lincoln, MT",192683
2280,"Le Flore, OK",192654
2281,"Leake, MS",192651
2282,"Marion, IL",192639
2283,"Gilmer, WV",192611
2284,"Jackson, KS",192550
2285,"Carroll, AR",192549
2286,"Randolph, NC",192518
2287,"Oxford, ME",192475
2288,"Jefferson, OK",192452
2289,"Val Verde, TX",192395
2290,"Dolores, CO",192371
2291,"Dawes, NE",192263
2292,"Mercer, WV",192192
2293,"Cameron, PA",192137
2294,"Lincoln, GA",192115
2295,"Mahnomen, MN",192098
2296,"McIntosh, GA",192087
2297,"Aroostook, ME",192034
2298,"Henderson, IL",191906
2299,"Scioto, OH",191902
2300,"Lincoln, OK",191875
2301,"Harnett, NC",191761
2302,"Lincoln, ID",191656
2303,"Seneca, OH",191587
2304,"Genesee, NY",191489
2305,"Tehama, CA",191460
2306,"Yadkin, NC",191456
2307,"Koochiching, MN",191360
2308,"Greer, OK",191318
2309,"Bear Lake, ID",191188
2310,"Putnam, MO",191181
2311,"Shelby, MO",191075
2312,"Johnston, OK",191053
2313,"Howard, AR",190906
2314,"Jackson, FL",190839
2315,"Pontotoc, MS",190813
2316,"Sandusky, OH",190802
2317,"Lincoln, KS",190790
2318,"Monroe, MO",190771
2319,"Franklin, MS",190764
2320,"Pinal, AZ",190750
2321,"Madison, LA",190729
2322,"Polk, MO",190690
2323,"Taylor, FL",190630
2324,"Menominee, MI",190572
2325,"Rutherford, NC",190484
2326,"Blaine, MT",190471
2327,"Johnson, IL",190447
2328,"Cass, TX",190440
2329,"Randolph, WV",190432
2330,"Stephens, GA",190359
2331,"Gooding, ID",190207
2332,"Bienville, LA",190160
2333,"Schuyler, NY",190015
2334,"Crawford, AR",189979
2335,"Coos, NH",189958
2336,"Lafayette, AR",189943
2337,"Gem, ID",189817
2338,"Person, NC",189762
2339,"McDuffie, GA",189730
2340,"Evans, GA",189672
2341,"Linn, OR",189495
2342,"Lamb, TX",189396
2343,"Tate, MS",189373
2344,"Rhea, TN",189358
2345,"Fulton, KY",189334
2346,"Bedford, PA",189328
2347,"Caldwell, NC",189320
2348,"McMinn, TN",189275
2349,"Cochise, AZ",189274
2350,"Greene, IL",189273
2351,"Greene, TN",189227
2352,"Marinette, WI",189193
2353,"Jefferson, NY",189165
2354,"Webster, KY",189158
2355,"Carbon, PA",188986
2356,"Madison, NC",188978
2357,"Noble, IN",188970
2358,"Phillips, MT",188938
2359,"Hampton City, VA",188903
2360,"San Augustine, TX",188879
2361,"Early, GA",188778
2362,"Lemhi, ID",188679
2363,"Nye, NV",188598
2364,"Taylor, KY",188590
2365,"Jefferson, OR",188486
2366,"Dinwiddie, VA",188442
2367,"Haskell, TX",188395
2368,"Avery, NC",188338
2369,"Appling, GA",188275
2370,"Shoshone, ID",188175
2371,"Mckinley, NM",188121
2372,"Huntingdon, PA",188116
2373,"Martin, IN",188008
2374,"Camden, GA",187871
2375,"Calhoun, WV",187677
2376,"Wilcox, AL",187574
2377,"Socorro, NM",187524
2378,"Bailey, TX",187524
2379,"Wythe, VA",187521
2380,"Okeechobee, FL",187512
2381,"Jefferson, OH",187496
2382,"Otero, CO",187432
2383,"Ohio, IN",187390
2384,"Colonial Heights City, VA",187380
2385,"Lawrence, OH",187370
2386,"Hardy, WV",187276
2387,"Lake, OR",187242
2388,"Warren, TN",187200
2389,"Bent, CO",187113
2390,"Giles, TN",187090
2391,"Craig, VA",187089
2392,"Grant, KY",186992
2393,"Stone, MS",186829
2394,"Armstrong, PA",186561
2395,"Fayette, IN",186401
2396,"Greene, IN",186305
2397,"Jay, IN",186298
2398,"Falls, TX",186276
2399,"McIntosh, OK",186232
2400,"Hocking, OH",186217
2401,"Alexander, NC",186202
2402,"Dallas, AL",186163
2403,"Mineral, WV",186056
2404,"Curry, NM",186004
2405,"Fairfield, SC",185987
2406,"Schuylkill, PA",185968
2407,"Logan, WV",185927
2408,"Delta, MI",185909
2409,"Oswego, NY",185840
2410,"Cooper, MO",185791
2411,"Sussex, VA",185761
2412,"Monroe, AL",185750
2413,"Lawrence, KY",185717
2414,"Allen, LA",185685
2415,"Callaway, MO",185663
2416,"Scott, MS",185651
2417,"Missaukee, MI",185543
2418,"Giles, VA",185530
2419,"Colleton, SC",185488
2420,"Blount, AL",185486
2421,"Hancock, WV",185454
2422,"Clark, MO",185401
2423,"Marion, KY",185385
2424,"Cattaraugus, NY",185330
2425,"Baker, OR",185290
2426,"Kanabec, MN",185260
2427,"Allegany, MD",185240
2428,"Trinity, TX",185160
2429,"Yancey, NC",185117
2430,"Alleghany, VA",185115
2431,"Columbia, FL",185089
2432,"Mason, WV",185062
2433,"Wise, VA",184989
2434,"Greene, AL",184965
2435,"Taylor, IA",184913
2436,"Ionia, MI",184830
2437,"Clark, AR",184771
2438,"Randolph, AR",184654
2439,"Chippewa, MI",184631
2440,"Perry, MS",184530
2441,"St Francois, MO",184509
2442,"Cass, IL",184497
2443,"Trousdale, TN",184483
2444,"Norton City, VA",184473
2445,"Buffalo, WI",184469
2446,"Newton, TX",184383
2447,"Craig, OK",184378
2448,"Jackson, LA",184331
2449,"Wilkinson, MS",184225
2450,"Surry, VA",184184
2451,"Charlotte, VA",184141
2452,"Roscommon, MI",184090
2453,"Mohave, AZ",184065
2454,"Campbell, VA",184035
2455,"Sullivan, MO",183974
2456,"Candler, GA",183972
2457,"Izard, AR",183927
2458,"Clarendon, SC",183901
2459,"Crawford, MI",183899
2460,"Tillman, OK",183769
2461,"Morgan, WV",183616
2462,"Yuma, AZ",183604
2463,"Copiah, MS",183559
2464,"Washington, NC",183467
2465,"Del Norte, CA",183413
2466,"Perry, AR",183336
2467,"Webster, MO",183294
2468,"Meade, KY",183287
2469,"Northumberland, PA",183146
2470,"Cherokee, NC",183136
2471,"Haralson, GA",183066
2472,"Lawrence, IN",182895
2473,"Greenlee, AZ",182874
2474,"Wayne, WV",182845
2475,"Dunklin, MO",182710
2476,"Butts, GA",182695
2477,"Orange, IN",182661
2478,"Fleming, KY",182619
2479,"Jefferson Davis, MS",182587
2480,"Washington, ME",182510
2481,"Perry, PA",182457
2482,"Bland, VA",182419
2483,"Hertford, NC",182395
2484,"Gogebic, MI",182342
2485,"Onslow, NC",182274
2486,"Franklin, AL",182261
2487,"Trigg, KY",182208
2488,"Chautauqua, NY",182103
2489,"Preston, WV",182072
2490,"Iron, WI",181901
2491,"San Juan, UT",181848
2492,"Dekalb, TN",181775
2493,"Appanoose, IA",181557
2494,"Perry, IL",181517
2495,"Weakley, TN",181515
2496,"Wakulla, FL",181484
2497,"Clay, IN",181459
2498,"Lassen, CA",181458
2499,"Blackford, IN",181345
2500,"Smith, TN",181294
2501,"Peach, GA",181289
2502,"Panola, MS",181230
2503,"Huerfano, CO",181166
2504,"Pike, MO",181163
2505,"Calhoun, FL",181081
2506,"Osage, KS",180988
2507,"Tattnall, GA",180974
2508,"Hancock, GA",180917
2509,"Lamar, GA",180876
2510,"Pike, IN",180861
2511,"Miami, IN",180755
2512,"Elmore, ID",180738
2513,"Pine, MN",180638
2514,"Lake, CA",180605
2515,"Floyd, KY",180581
2516,"Luce, MI",180547
2517,"Harrison, KY",180537
2518,"Lewis, MO",180494
2519,"Gladwin, MI",180418
2520,"Scotland, NC",180235
2521,"Caldwell, MO",180200
2522,"Butte, ID",180163
2523,"Lewis, NY",180145
2524,"Rockingham, NC",179897
2525,"Talladega, AL",179740
2526,"Lincoln, NV",179673
2527,"Corson, SD",179609
2528,"Harrison, MO",179551
2529,"Ashe, NC",179407
2530,"Muhlenberg, KY",179406
2531,"Choctaw, OK",179401
2532,"Sequoyah, OK",179367
2533,"Johnson, NE",179328
2534,"Hernando, FL",179130
2535,"Siskiyou, CA",179124
2536,"Bates, MO",178990
2537,"Preble, OH",178927
2538,"Washington, NY",178659
2539,"Tuscola, MI",178640
2540,"Howard, MO",178635
2541,"Brooks, TX",178288
2542,"Ferry, WA",178195
2543,"Iosco, MI",178176
2544,"Storey, NV",178141
2545,"Randolph, AL",178106
2546,"St Francis, AR",178050
2547,"Richmond, VA",177998
2548,"Meigs, TN",177940
2549,"Bennett, SD",177909
2550,"Madison, AR",177906
2551,"Greene, NC",177904
2552,"Henderson, TN",177895
2553,"Lake, MI",177878
2554,"Chilton, AL",177812
2555,"Southampton, VA",177793
2556,"Morrow, OH",177696
2557,"Grant, AR",177637
2558,"Emery, UT",177619
2559,"Washington, FL",177618
2560,"Larue, KY",177617
2561,"Yuba, CA",177536
2562,"Clay, AR",177528
2563,"Lake, CO",177514
2564,"Polk, AR",177484
2565,"Gasconade, MO",177370
2566,"Stewart, TN",177342
2567,"Kane, UT",177338
2568,"Halifax, VA",177290
2569,"Screven, GA",177206
2570,"Brunswick, VA",177183
2571,"Elbert, GA",177147
2572,"Lyon, NV",177115
2573,"Oneida, ID",176814
2574,"Scott, IN",176709
2575,"Harney, OR",176693
2576,"Coosa, AL",176614
2577,"Maries, MO",176607
2578,"Dale, AL",176579
2579,"Burnett, WI",176560
2580,"Clay, AL",176558
2581,"Washington, LA",176550
2582,"Sierra, NM",176542
2583,"Walker, GA",176541
2584,"Pulaski, VA",176380
2585,"Garrard, KY",176327
2586,"Fulton, PA",176289
2587,"Lincoln, AR",176281
2588,"Sanders, MT",176223
2589,"Lewis, TN",176165
2590,"Coshocton, OH",176095
2591,"Knox, MO",175894
2592,"Macon, MO",175871
2593,"Ottawa, OK",175841
2594,"St Helena, LA",175626
2595,"Franklin, AR",175461
2596,"Breckinridge, KY",175414
2597,"Lawrence, MO",175344
2598,"Vermillion, IN",175255
2599,"Baker, FL",175083
2600,"Hardeman, TX",174941
2601,"Dade, MO",174908
2602,"Lafayette, FL",174882
2603,"Newton, MS",174841
2604,"Halifax, NC",174784
2605,"Martin, NC",174754
2606,"Grant, WV",174622
2607,"White, GA",174427
2608,"Chenango, NY",174337
2609,"Menominee, WI",174308
2610,"Hancock, KY",174241
2611,"Warren, NC",174168
2612,"Hardin, OH",174044
2613,"Wallowa, OR",174030
2614,"Crockett, TN",174029
2615,"Somerset, MD",173983
2616,"McCurtain, OK",173946
2617,"Somerset, ME",173897
2618,"Wyoming, NY",173867
2619,"De Kalb, AL",173843
2620,"Daviess, MO",173779
2621,"Saguache, CO",173741
2622,"McDowell, NC",173725
2623,"Butler, AL",173703
2624,"Navajo, AZ",173674
2625,"Perry, IN",173648
2626,"Fayette, AL",173624
2627,"Geneva, AL",173616
2628,"Montgomery, MO",173559
2629,"Hampshire, WV",173538
2630,"St Lawrence, NY",173461
2631,"Winston, MS",173431
2632,"Delaware, NY",173378
2633,"Morgan, OH",173339
2634,"Montgomery, GA",173255
2635,"Bacon, GA",172927
2636,"Montgomery, NY",172904
2637,"Haywood, TN",172850
2638,"Turner, GA",172713
2639,"Fulton, NY",172628
2640,"Valencia, NM",172627
2641,"Marion, GA",172594
2642,"Orangeburg, SC",172533
2643,"Piscataquis, ME",172320
2644,"Carroll, TN",172202
2645,"Franklin, IL",172103
2646,"Todd, MN",172041
2647,"Moniteau, MO",172038
2648,"Nance, NE",171979
2649,"Cherokee, AL",171957
2650,"Costilla, CO",171910
2651,"Stokes, NC",171861
2652,"Schoharie, NY",171795
2653,"Logan, AR",171748
2654,"Portsmouth City, VA",171666
2655,"Highland, OH",171503
2656,"Webster, GA",171470
2657,"Crisp, GA",171422
2658,"Jones, NC",171378
2659,"Bleckley, GA",171349
2660,"Washington, KY",171153
2661,"Carroll, KY",170968
2662,"Noxubee, MS",170804
2663,"Lake, TN",170640
2664,"Boyd, NE",170481
2665,"Garfield, UT",170396
2666,"Bertie, NC",170377
2667,"Osage, MO",170354
2668,"Monroe, MS",170322
2669,"Marshall, TN",170267
2670,"Orleans, NY",170259
2671,"Hudspeth, TX",170198
2672,"Alcona, MI",170130
2673,"Dillon, SC",170118
2674,"Cottle, TX",170048
2675,"Page, VA",169910
2676,"Gilchrist, FL",169504
2677,"Allen, KY",169432
2678,"Brown, OH",169427
2679,"Montgomery County, AR",169396
2680,"Overton, TN",169324
2681,"Columbus, NC",169312
2682,"Amherst, VA",169250
2683,"Graham, NC",169114
2684,"Crittenden, KY",168873
2685,"Tucker, WV",168872
2686,"Ware, GA",168831
2687,"Dekalb, MO",168757
2688,"Gadsden, FL",168578
2689,"St Clair, MO",168559
2690,"Campbell, TN",168243
2691,"Wilkinson, GA",168026
2692,"Grayson, KY",167987
2693,"Benton, TN",167942
2694,"Pendleton, WV",167851
2695,"Quitman, MS",167802
2696,"Barbour, AL",167721
2697,"Montmorency, MI",167613
2698,"De Soto, FL",167521
2699,"Grant, OR",167451
2700,"Trimble, KY",167433
2701,"Benewah, ID",167064
2702,"Jefferson, MS",167053
2703,"Clearwater, ID",166965
2704,"Montgomery, MS",166902
2705,"Wilkes, GA",166875
2706,"Cumberland, KY",166806
2707,"Monroe, KY",166666
2708,"Jackson, SD",166639
2709,"Dallas, AR",166590
2710,"Bracken, KY",166552
2711,"Itawamba, MS",166502
2712,"Union, FL",166471
2713,"Meriwether, GA",166400
2714,"Grady, GA",166382
2715,"McNairy, TN",166340
2716,"Houston, TN",166213
2717,"Reynolds, MO",166208
2718,"Suwannee, FL",166106
2719,"Fayette, WV",166089
2720,"Talbot, GA",166042
2721,"Pope, IL",166031
2722,"Geary, KS",165925
2723,"Nottoway, VA",165922
2724,"Taylor, GA",165857
2725,"Zavala, TX",165481
2726,"Barnwell, SC",165479
2727,"Buckingham, VA",165267
2728,"Cook, GA",165232
2729,"Lawrence, TN",165183
2730,"Switzerland, IN",165174
2731,"Calhoun, GA",165160
2732,"Franklin, NY",165148
2733,"Morgan, MO",165086
2734,"Oglethorpe, GA",164969
2735,"Owen, KY",164946
2736,"Burke, GA",164541
2737,"Meigs, OH",164459
2738,"Pittsylvania, VA",164418
2739,"Wayne, GA",164363
2740,"Tyrrell, NC",164363
2741,"Upson, GA",164357
2742,"Mifflin, PA",164292
2743,"St Bernard, LA",164284
2744,"Duplin, NC",164188
2745,"Macon, TN",164174
2746,"Maverick, TX",164105
2747,"Sioux, ND",164061
2748,"Ogemaw, MI",163844
2749,"Pocahontas, WV",163834
2750,"Madison, FL",163794
2751,"Crawford, MO",163508
2752,"Russell, VA",163484
2753,"Claiborne, TN",163460
2754,"Ozark, MO",163442
2755,"Dickenson, VA",163367
2756,"Pike, OH",163293
2757,"Yalobusha, MS",163268
2758,"Coryell, TX",163160
2759,"Yukon Koyukuk, AK",163088
2760,"Cannon, TN",163071
2761,"Hawkins, TN",163000
2762,"Perry, OH",162718
2763,"Gallatin, KY",162511
2764,"Bamberg, SC",162428
2765,"Modoc, CA",162427
2766,"Otero, NM",162405
2767,"Henry, VA",162337
2768,"Northampton, NC",162224
2769,"Cibola, NM",162154
2770,"Greensville, VA",162141
2771,"Red River, TX",162114
2772,"Yell, AR",162050
2773,"Hoke, NC",161954
2774,"Patrick, VA",161814
2775,"Tunica, MS",161758
2776,"Breathitt, KY",161751
2777,"Hamilton, FL",161721
2778,"Cherokee, KS",161716
2779,"Guadalupe, NM",161152
2780,"Lunenburg, VA",161091
2781,"Prentiss, MS",161045
2782,"Oscoda, MI",160977
2783,"Ashtabula, OH",160918
2784,"Levy, FL",160895
2785,"Sharp, AR",160793
2786,"Jefferson, GA",160755
2787,"Gates, NC",160669
2788,"Summers, WV",160658
2789,"Butler, KY",160593
2790,"Webster, MS",160526
2791,"Union, TN",160192
2792,"Floyd, VA",159938
2793,"Jackson, OH",159791
2794,"Allendale, SC",159607
2795,"Smith, MS",159524
2796,"Schley, GA",159490
2797,"Stone, AR",159485
2798,"Robeson, NC",159460
2799,"Covington City, VA",159405
2800,"Trinity, CA",159398
2801,"Livingston, KY",159350
2802,"Cumberland, VA",159310
2803,"White, TN",159210
2804,"Lauderdale, TN",159140
2805,"Madison, GA",158758
2806,"Laurens, SC",158752
2807,"Pulaski, MO",158727
2808,"Appomattox, VA",158722
2809,"Tishomingo, MS",158465
2810,"Massac, IL",158274
2811,"Cleburne, AL",158267
2812,"Rusk, WI",158162
2813,"Kemper, MS",158105
2814,"Conejos, CO",158056
2815,"Vance, NC",158034
2816,"Mitchell, GA",157986
2817,"Washington, IN",157879
2818,"Pendleton, KY",157768
2819,"Johnson, AR",157767
2820,"Lincoln, WV",157697
2821,"Mora, NM",157597
2822,"Worth, GA",157568
2823,"Hale, AL",157477
2824,"Catron, NM",157362
2825,"Montcalm, MI",157189
2826,"Unicoi, TN",157102
2827,"Monroe, WV",157059
2828,"Putnam, FL",156861
2829,"Glacier, MT",156857
2830,"Baraga, MI",156839
2831,"Crawford, OH",156740
2832,"Chickasaw, MS",156610
2833,"Ohio, KY",156533
2834,"Bradford, FL",156481
2835,"Grainger, TN",156257
2836,"Twiggs, GA",156142
2837,"Herkimer, NY",156090
2838,"Wheeler, GA",155944
2839,"Swain, NC",155895
2840,"Bladen, NC",155728
2841,"Wayne, TN",155699
2842,"Harlan, KY",155622
2843,"Brooks, GA",155482
2844,"Nicholas, KY",155380
2845,"Magoffin, KY",155373
2846,"Jennings, IN",155223
2847,"Abbeville, SC",155073
2848,"Webster, WV",155029
2849,"Price, WI",155019
2850,"Hempstead, AR",154971
2851,"Torrance, NM",154865
2852,"Essex, VT",154749
2853,"Hot Spring, AR",154742
2854,"Pickens, AL",154506
2855,"Chambers, AL",154352
2856,"Clare, MI",154344
2857,"Cocke, TN",154338
2858,"Chester, SC",154299
2859,"Humphreys, MS",154299
2860,"Nevada, AR",154175
2861,"Ziebach, SD",153992
2862,"Knott, KY",153866
2863,"Braxton, WV",153787
2864,"Tallahatchie, MS",153753
2865,"Starke, IN",153698
2866,"Edmonson, KY",153669
2867,"Presque Isle, MI",153636
2868,"Adair, KY",153625
2869,"Mcdonald, MO",153584
2870,"Marshall, MS",153581
2871,"Boone, WV",153563
2872,"Fulton, AR",153502
2873,"Oregon, MO",153417
2874,"Russell, KY",153276
2875,"Buchanan, VA",153259
2876,"Williamsburg, SC",153250
2877,"Polk, GA",153240
2878,"Iron, MI",153142
2879,"San Miguel, NM",152989
2880,"Decatur, TN",152781
2881,"Lawrence, AL",152759
2882,"Chesterfield, SC",152602
2883,"Choctaw, MS",152541
2884,"Mineral, NV",152280
2885,"Worth, MO",152242
2886,"Crowley, CO",152171
2887,"Searcy, AR",152077
2888,"Arenac, MI",152027
2889,"Powell, KY",151940
2890,"Sumter, AL",151835
2891,"Iron, MO",151770
2892,"Sevier, AR",151693
2893,"Bradley, AR",151627
2894,"Bollinger, MO",151498
2895,"Carter, MO",151490
2896,"Hart, KY",151428
2897,"Van Buren, TN",151381
2898,"Franklin, GA",151213
2899,"Treutlen, GA",150977
2900,"Rio Arriba, NM",150842
2901,"Lawrence, AR",150683
2902,"Marion, AL",150630
2903,"Clay, WV",150601
2904,"Heard, GA",150392
2905,"Alexander, IL",150381
2906,"Letcher, KY",150213
2907,"Richmond, NC",150132
2908,"Smyth, VA",150117
2909,"Banks, GA",149757
2910,"Pike, AR",149710
2911,"Carter, KY",149613
2912,"Bibb, AL",149537
2913,"Leslie, KY",149514
2914,"Conecuh, AL",149031
2915,"Lewis, KY",148808
2916,"Shannon, MO",148632
2917,"Scott, AR",148599
2918,"Chattooga, GA",148569
2919,"Caswell, NC",148343
2920,"Atkinson, GA",148184
2921,"Wirt, WV",148179
2922,"Newton, AR",148047
2923,"Chester, TN",147777
2924,"Cherokee, SC",147522
2925,"Green, KY",147439
2926,"Ontonagon, MI",147413
2927,"Miller, MO",147310
2928,"Charlton, GA",147300
2929,"Roosevelt, NM",147232
2930,"Marion, AR",147170
2931,"Emporia City, VA",147139
2932,"Estill, KY",147131
2933,"Johnson, TN",147096
2934,"Macon, AL",147080
2935,"Stewart, GA",147059
2936,"Johnson, GA",146937
2937,"Okfuskee, OK",146767
2938,"Warren, GA",146536
2939,"Luna, NM",146521
2940,"Hardeman, TN",146444
2941,"Casey, KY",146409
2942,"Dooly, GA",146351
2943,"Anson, NC",146172
2944,"Wilcox, GA",145943
2945,"Clay, KY",145875
2946,"Benton, MO",145846
2947,"Fentress, TN",145700
2948,"Lowndes, AL",145646
2949,"Little River, AR",145201
2950,"Knox, KY",145174
2951,"Ben Hill, GA",145130
2952,"Bath, KY",145109
2953,"Dodge, GA",145016
2954,"Randolph, GA",145013
2955,"Bledsoe, TN",144729
2956,"Jenkins, GA",144552
2957,"Owen, IN",144510
2958,"Bristol City, VA",144387
2959,"Roane, WV",143831
2960,"Morgan, TN",143804
2961,"Pulaski, IL",143574
2962,"Perry, AL",143273
2963,"Polk, TN",143195
2964,"Pickett, TN",143028
2965,"Brantley, GA",142891
2966,"Osceola, MI",142797
2967,"Emanuel, GA",142734
2968,"Lanier, GA",142732
2969,"Bronx, NY",142553
2970,"Texas, MO",142540
2971,"Todd, SD",142357
2972,"Jackson, TN",141659
2973,"Carroll, VA",141322
2974,"Hidalgo, NM",141268
2975,"Vinton, OH",141264
2976,"Lee, KY",141235
2977,"Scott, TN",141196
2978,"Marion, SC",140589
2979,"Apache, AZ",140401
2980,"Buena Vista City, VA",140310
2981,"Morgan, KY",140026
2982,"Crawford, IN",139842
2983,"Mingo, WV",139719
2984,"Barbour, WV",139378
2985,"Washington, MO",139094
2986,"Hampton, SC",138989
2987,"Hickman, TN",138695
2988,"Clinton, KY",138585
2989,"Petersburg City, VA",138426
2990,"Berrien, GA",138398
2991,"Carter, TN",138358
2992,"Union, SC",138269
2993,"Wolfe, KY",137930
2994,"Saluda, SC",137669
2995,"Clay, TN",137339
2996,"Benton, MS",137330
2997,"Willacy, TX",137185
2998,"Starr, TX",136855
2999,"Bell, KY",136814
3000,"Wyandotte, KS",136527
3001,"Elliott, KY",136475
3002,"Lee, SC",136373
3003,"Clay, GA",136300
3004,"Long, GA",135807
3005,"Schuyler, MO",135711
3006,"Rockcastle, KY",135696
3007,"Hickory, MO",135475
3008,"Metcalfe, KY",135127
3009,"Telfair, GA",134983
3010,"Glascock, GA",134239
3011,"Tippah, MS",133598
3012,"Wayne, MO",133333
3013,"Wright, MO",132993
3014,"Grundy, TN",132858
3015,"Pushmataha, OK",131646
3016,"Douglas, MO",131238
3017,"Crawford, GA",131181
3018,"Morris, TX",131051
3019,"Holmes, FL",130209
3020,"Allegany, NY",129976
3021,"Wyoming, WV",129727
3022,"Adams, OH",129437
3023,"Lee, VA",129208
3024,"Liberty, GA",128471
3025,"Owsley, KY",128462
3026,"Claiborne, MS",128158
3027,"Shannon, SD",128003
3028,"Robertson, KY",127594
3029,"Bullock, AL",127399
3030,"Menifee, KY",126953
3031,"Edgecombe, NC",126878
3032,"Jackson, KY",126267
3033,"Marlboro, SC",126085
3034,"Russell, AL",125835
3035,"Chattahoochee, GA",125821
3036,"Macon, GA",125336
3037,"Ripley, MO",125106
3038,"Madison, MO",124359
3039,"Hopewell City, VA",124239
3040,"McDowell, WV",124121
3041,"Hancock, TN",123482
3042,"Wade Hampton, AK",122286
3043,"Mitchell, NC",120882
3044,"Jeff Davis, GA",120370
3045,"Calhoun, MS",119941
3046,"Martin, KY",119911
3047,"Dixie, FL",118942
3048,"Taliaferro, GA",118495
3049,"Wayne, KY",117906
3050,"McCreary, KY",117742
3051,"Cedar, MO",117729
3052,"Quay, NM",117238
3053,"Murray, GA",117205
3054,"Lincoln, KY",116246
3055,"Scott, VA",112149
3056,"Dent, MO",111638
3057,"Quitman, GA",111538
3058,"Dallas, MO",110811
3059,"La Paz, AZ",108005
3060,"Grayson, VA",107712
3061,"Adair, OK",106270
3062,"Clayton, GA",98157
3063,"Lamar, AL",96685
3064,"Holmes, MS",96674
